district,year,urban_pct,agricultural_pct,forest_pct,other_land_pct,industrial_zones,avg_rainfall_mm,temperature_anomaly_c,land_price_rs_per_sqft,gdp_contribution_cr,soil_quality_index,water_table_depth_m,population,lat,lon,area_sqkm,water_bodies,soil_type,land_type
Mumbai,2010,88.25,1.93,8.63,1.19,15,2398.58,-0.07,130482.35,82.95,100.35,10.77,17349582,19.076,72.8777,603.4,12,Lateritic,Urban Coastal
Mumbai,2011,89.77,1.0,7.91,1.33,14,2446.2,-0.47,87598.48,85.95,103.87,9.74,17655752,19.076,72.8777,603.4,12,Lateritic,Urban Coastal
Mumbai,2012,90.75,0.99,7.26,1.0,14,2568.56,0.13,127645.52,90.69,102.34,9.18,17961921,19.076,72.8777,603.4,12,Lateritic,Urban Coastal
Mumbai,2013,91.42,0.98,6.6,1.0,15,2361.94,0.21,125399.23,97.58,103.44,12.75,18268090,19.076,72.8777,603.4,12,Lateritic,Urban Coastal
Mumbai,2014,91.61,0.96,6.43,1.0,14,2442.89,-0.19,120213.27,99.56,106.94,11.4,18574259,19.076,72.8777,603.4,12,Lateritic,Urban Coastal
Mumbai,2015,92.23,0.97,5.8,1.0,14,2274.15,0.28,150341.85,104.17,106.08,12.56,18880428,19.076,72.8777,603.4,12,Lateritic,Urban Coastal
Mumbai,2016,92.6,0.97,5.42,1.0,14,2354.31,0.78,199930.45,108.63,105.08,12.73,19186597,19.076,72.8777,603.4,12,Lateritic,Urban Coastal
Mumbai,2017,93.06,0.98,4.96,1.0,15,2374.08,0.64,158967.2,115.88,107.28,10.9,19492766,19.076,72.8777,603.4,12,Lateritic,Urban Coastal
Mumbai,2018,93.6,0.99,4.42,1.0,15,2458.16,0.61,215246.15,120.62,108.97,13.94,19798935,19.076,72.8777,603.4,12,Lateritic,Urban Coastal
Mumbai,2019,94.55,1.0,3.46,1.0,15,2430.7,0.81,225432.44,125.75,109.45,10.71,20105104,19.076,72.8777,603.4,12,Lateritic,Urban Coastal
Mumbai,2020,94.24,0.99,3.77,1.0,15,2341.15,0.85,271174.33,129.82,110.75,13.33,20411274,19.076,72.8777,603.4,12,Lateritic,Urban Coastal
Mumbai,2021,94.98,1.0,3.02,1.0,15,2351.79,1.0,245742.79,134.83,111.49,11.84,20717443,19.076,72.8777,603.4,12,Lateritic,Urban Coastal
Mumbai,2022,95.0,1.0,2.5,1.5,15,2280.46,1.07,267420.44,139.2,112.63,12.8,21023612,19.076,72.8777,603.4,12,Lateritic,Urban Coastal
Mumbai,2023,95.0,1.0,2.38,1.62,15,2447.76,1.28,220439.75,143.55,113.11,13.87,21329781,19.076,72.8777,603.4,12,Lateritic,Urban Coastal
Pune,2010,55.71,20.87,22.42,1.0,12,717.53,-0.35,31722.31,57.43,101.75,10.75,2654937,18.5204,73.8567,331.26,8,Black Cotton,Urban Hilly
Pune,2011,58.37,18.17,22.46,1.0,11,779.69,0.76,25919.24,59.87,97.71,9.73,2701789,18.5204,73.8567,331.26,8,Black Cotton,Urban Hilly
Pune,2012,60.27,17.11,21.62,1.0,12,614.77,0.34,28821.73,66.18,101.29,12.15,2748641,18.5204,73.8567,331.26,8,Black Cotton,Urban Hilly
Pune,2013,61.63,15.8,21.57,1.0,11,743.75,0.69,27943.85,67.82,101.04,11.08,2795493,18.5204,73.8567,331.26,8,Black Cotton,Urban Hilly
Pune,2014,63.54,14.85,20.61,1.0,11,773.19,0.49,41272.01,72.15,103.55,11.55,2842344,18.5204,73.8567,331.26,8,Black Cotton,Urban Hilly
Pune,2015,65.18,13.3,20.52,1.0,11,907.58,0.64,36228.37,76.39,104.29,12.16,2889196,18.5204,73.8567,331.26,8,Black Cotton,Urban Hilly
Pune,2016,66.68,12.15,20.17,1.0,11,817.34,0.72,53374.3,80.61,105.38,13.7,2936048,18.5204,73.8567,331.26,8,Black Cotton,Urban Hilly
Pune,2017,69.35,10.17,19.49,1.0,11,713.29,0.8,54849.07,85.87,106.49,12.93,2982900,18.5204,73.8567,331.26,8,Black Cotton,Urban Hilly
Pune,2018,70.41,9.68,18.91,1.0,13,783.57,0.54,48696.84,95.54,109.29,12.88,3029752,18.5204,73.8567,331.26,8,Black Cotton,Urban Hilly
Pune,2019,72.33,8.02,18.65,1.0,12,636.32,0.45,59059.36,97.73,111.27,13.56,3076604,18.5204,73.8567,331.26,8,Black Cotton,Urban Hilly
Pune,2020,74.9,5.82,18.28,1.0,12,632.61,1.05,70140.52,103.41,109.77,11.86,3123456,18.5204,73.8567,331.26,8,Black Cotton,Urban Hilly
Pune,2021,75.98,5.22,17.8,1.0,12,583.23,0.82,81351.96,107.87,112.41,13.81,3170307,18.5204,73.8567,331.26,8,Black Cotton,Urban Hilly
Pune,2022,76.73,5.27,17.0,1.0,12,816.4,1.4,78612.78,112.06,111.02,14.36,3217159,18.5204,73.8567,331.26,8,Black Cotton,Urban Hilly
Pune,2023,80.02,2.18,16.81,1.0,12,952.47,0.74,100157.37,118.82,115.8,12.29,3264011,18.5204,73.8567,331.26,8,Black Cotton,Urban Hilly
Nagpur,2010,47.14,23.29,28.57,1.0,9,988.47,0.2,8620.71,46.28,98.98,10.22,2125000,21.1458,79.0882,217.65,11,Sandy Loam,Urban Inland
Nagpur,2011,49.06,21.39,28.55,1.0,10,857.49,0.16,9420.72,51.91,100.72,11.15,2162500,21.1458,79.0882,217.65,11,Sandy Loam,Urban Inland
Nagpur,2012,50.55,20.47,27.98,1.0,10,939.97,0.1,10435.16,55.36,102.5,9.95,2200000,21.1458,79.0882,217.65,11,Sandy Loam,Urban Inland
Nagpur,2013,52.72,19.26,27.02,1.0,10,1272.22,0.61,9491.49,59.38,101.45,10.42,2237500,21.1458,79.0882,217.65,11,Sandy Loam,Urban Inland
Nagpur,2014,54.35,17.66,26.99,1.0,10,967.31,0.38,8702.69,63.13,104.09,10.18,2275000,21.1458,79.0882,217.65,11,Sandy Loam,Urban Inland
Nagpur,2015,55.73,16.32,26.95,1.0,9,1016.0,0.54,16906.25,64.3,104.8,10.06,2312500,21.1458,79.0882,217.65,11,Sandy Loam,Urban Inland
Nagpur,2016,57.56,15.5,25.94,1.0,10,1079.91,0.42,15269.47,70.9,106.9,11.41,2350000,21.1458,79.0882,217.65,11,Sandy Loam,Urban Inland
Nagpur,2017,58.61,14.5,25.88,1.0,9,1273.3,0.11,15831.56,71.78,109.93,12.69,2387500,21.1458,79.0882,217.65,11,Sandy Loam,Urban Inland
Nagpur,2018,60.77,12.86,25.37,1.0,9,1001.06,1.05,18385.64,76.24,106.73,11.71,2425000,21.1458,79.0882,217.65,11,Sandy Loam,Urban Inland
Nagpur,2019,62.16,11.91,24.93,1.0,10,977.1,0.73,20780.02,83.08,109.84,13.31,2462500,21.1458,79.0882,217.65,11,Sandy Loam,Urban Inland
Nagpur,2020,63.65,10.66,24.69,1.0,10,1114.71,0.94,19540.02,87.28,110.3,14.1,2500000,21.1458,79.0882,217.65,11,Sandy Loam,Urban Inland
Nagpur,2021,65.21,9.66,24.13,1.0,10,1128.2,1.01,22674.19,91.65,111.47,13.17,2537499,21.1458,79.0882,217.65,11,Sandy Loam,Urban Inland
Nagpur,2022,67.03,8.41,23.56,1.0,11,959.4,0.84,27194.1,99.55,113.82,14.39,2575000,21.1458,79.0882,217.65,11,Sandy Loam,Urban Inland
Nagpur,2023,68.63,7.17,23.2,1.0,9,1067.58,1.1,28564.25,97.64,114.02,13.75,2612500,21.1458,79.0882,217.65,11,Sandy Loam,Urban Inland
Thane,2010,73.47,7.72,17.81,1.0,17,2117.78,0.07,35834.28,78.08,99.63,9.49,1606284,19.2183,72.9781,147.0,6,Lateritic,Urban Coastal
Thane,2011,75.55,6.51,16.94,1.0,17,2128.16,0.04,39712.16,83.3,101.32,11.78,1634631,19.2183,72.9781,147.0,6,Lateritic,Urban Coastal
Thane,2012,77.59,4.81,16.6,1.0,17,2198.15,0.11,43656.59,88.61,102.43,9.77,1662977,19.2183,72.9781,147.0,6,Lateritic,Urban Coastal
Thane,2013,78.87,4.14,15.99,1.0,18,2269.01,0.18,46979.07,95.82,103.6,10.91,1691323,19.2183,72.9781,147.0,6,Lateritic,Urban Coastal
Thane,2014,81.67,1.59,15.74,1.0,18,2345.11,0.69,65686.4,102.0,102.56,10.43,1719669,19.2183,72.9781,147.0,6,Lateritic,Urban Coastal
Thane,2015,82.62,0.97,15.41,1.0,17,2116.03,0.32,38063.79,104.47,105.9,10.97,1748015,19.2183,72.9781,147.0,6,Lateritic,Urban Coastal
Thane,2016,83.51,0.96,14.53,1.0,19,2295.04,0.43,51785.19,114.54,106.87,12.29,1776362,19.2183,72.9781,147.0,6,Lateritic,Urban Coastal
Thane,2017,84.03,0.95,14.02,1.0,17,2028.69,1.11,63360.2,113.97,104.97,13.34,1804708,19.2183,72.9781,147.0,6,Lateritic,Urban Coastal
Thane,2018,84.88,0.94,13.18,1.0,18,2154.99,0.99,59331.9,121.7,107.07,12.26,1833054,19.2183,72.9781,147.0,6,Lateritic,Urban Coastal
Thane,2019,85.54,0.92,12.54,1.0,17,2046.59,1.28,79585.72,123.72,107.08,11.95,1861400,19.2183,72.9781,147.0,6,Lateritic,Urban Coastal
Thane,2020,86.1,0.91,12.0,1.0,18,2406.07,1.53,79463.98,131.49,107.37,13.97,1889747,19.2183,72.9781,147.0,6,Lateritic,Urban Coastal
Thane,2021,86.84,0.91,11.25,1.0,18,2305.84,0.57,74345.25,136.56,113.64,11.26,1918093,19.2183,72.9781,147.0,6,Lateritic,Urban Coastal
Thane,2022,86.84,0.91,11.24,1.0,18,2362.86,0.79,73116.01,140.97,114.07,13.54,1946439,19.2183,72.9781,147.0,6,Lateritic,Urban Coastal
Thane,2023,87.83,0.92,10.25,1.0,18,2069.55,1.5,110615.97,146.35,112.0,12.96,1974785,19.2183,72.9781,147.0,6,Lateritic,Urban Coastal
Nashik,2010,40.33,31.65,27.02,1.0,8,581.43,0.15,9468.73,40.2,99.24,9.21,1263927,19.9975,73.7898,259.13,5,Black Cotton,Semi-Urban Valley
Nashik,2011,41.9,30.77,26.33,1.0,7,876.47,0.11,9943.73,41.1,100.25,10.51,1286231,19.9975,73.7898,259.13,5,Black Cotton,Semi-Urban Valley
Nashik,2012,43.08,30.1,25.81,1.0,8,626.95,0.03,11396.16,46.04,101.46,8.3,1308536,19.9975,73.7898,259.13,5,Black Cotton,Semi-Urban Valley
Nashik,2013,43.8,29.85,25.36,1.0,7,737.66,0.39,18242.77,46.32,100.43,12.02,1330840,19.9975,73.7898,259.13,5,Black Cotton,Semi-Urban Valley
Nashik,2014,46.17,28.33,24.5,1.0,8,604.36,-0.03,12498.47,52.44,103.33,10.12,1353145,19.9975,73.7898,259.13,5,Black Cotton,Semi-Urban Valley
Nashik,2015,47.45,27.77,23.78,1.0,8,687.74,0.24,18008.17,55.58,102.79,12.04,1375450,19.9975,73.7898,259.13,5,Black Cotton,Semi-Urban Valley
Nashik,2016,48.5,26.99,23.5,1.0,7,772.62,1.17,12681.11,56.03,98.94,12.36,1397754,19.9975,73.7898,259.13,5,Black Cotton,Semi-Urban Valley
Nashik,2017,49.96,26.05,22.99,1.0,7,684.85,0.45,17705.56,59.37,103.35,12.05,1420059,19.9975,73.7898,259.13,5,Black Cotton,Semi-Urban Valley
Nashik,2018,51.45,25.09,22.46,1.0,8,730.09,0.51,18599.82,65.62,103.87,13.15,1442363,19.9975,73.7898,259.13,5,Black Cotton,Semi-Urban Valley
Nashik,2019,52.19,24.89,21.92,1.0,8,603.67,0.36,15028.94,68.61,105.41,12.75,1464668,19.9975,73.7898,259.13,5,Black Cotton,Semi-Urban Valley
Nashik,2020,54.04,23.44,21.52,1.0,7,673.39,0.64,19164.54,69.64,104.82,13.05,1486973,19.9975,73.7898,259.13,5,Black Cotton,Semi-Urban Valley
Nashik,2021,54.98,22.92,21.1,1.0,8,763.57,0.76,24311.95,75.93,104.99,14.74,1509277,19.9975,73.7898,259.13,5,Black Cotton,Semi-Urban Valley
Nashik,2022,56.1,22.2,20.7,1.0,8,717.11,1.02,24512.98,79.45,104.51,13.44,1531582,19.9975,73.7898,259.13,5,Black Cotton,Semi-Urban Valley
Nashik,2023,57.74,21.47,19.79,1.0,8,631.24,1.17,27532.21,83.56,104.55,13.48,1553886,19.9975,73.7898,259.13,5,Black Cotton,Semi-Urban Valley
Aurangabad,2010,49.95,34.52,14.53,1.0,6,830.12,-0.12,7187.35,41.97,100.61,8.99,995630,19.8762,75.3433,138.5,4,Regur,Semi-Urban Inland
Aurangabad,2011,52.07,32.7,14.23,1.0,7,742.69,0.03,12276.75,47.5,101.33,8.09,1013200,19.8762,75.3433,138.5,4,Regur,Semi-Urban Inland
Aurangabad,2012,54.36,31.37,13.27,1.0,7,743.85,0.08,12970.86,51.28,102.62,12.87,1030770,19.8762,75.3433,138.5,4,Regur,Semi-Urban Inland
Aurangabad,2013,56.31,29.69,13.0,1.0,6,793.03,0.04,12977.15,52.66,104.28,10.42,1048340,19.8762,75.3433,138.5,4,Regur,Semi-Urban Inland
Aurangabad,2014,58.12,28.14,12.74,1.0,6,683.01,0.11,12968.66,56.24,105.47,11.58,1065910,19.8762,75.3433,138.5,4,Regur,Semi-Urban Inland
Aurangabad,2015,60.49,26.22,12.29,1.0,7,751.34,1.06,13342.24,62.87,102.18,10.26,1083480,19.8762,75.3433,138.5,4,Regur,Semi-Urban Inland
Aurangabad,2016,61.26,25.96,11.78,1.0,7,738.0,0.26,21605.67,65.98,107.69,11.93,1101050,19.8762,75.3433,138.5,4,Regur,Semi-Urban Inland
Aurangabad,2017,63.79,24.01,11.2,1.0,7,630.95,0.84,22024.87,70.57,106.29,13.45,1118620,19.8762,75.3433,138.5,4,Regur,Semi-Urban Inland
Aurangabad,2018,66.55,22.0,10.45,1.0,7,715.57,1.13,14289.06,75.5,106.36,13.93,1136190,19.8762,75.3433,138.5,4,Regur,Semi-Urban Inland
Aurangabad,2019,68.2,20.76,10.04,1.0,6,792.32,0.92,16525.18,76.73,108.89,11.4,1153760,19.8762,75.3433,138.5,4,Regur,Semi-Urban Inland
Aurangabad,2020,69.3,20.1,9.6,1.0,6,685.43,0.92,14449.95,80.37,110.41,12.95,1171330,19.8762,75.3433,138.5,4,Regur,Semi-Urban Inland
Aurangabad,2021,71.29,18.19,9.52,1.0,7,683.11,0.77,31945.48,88.0,112.66,13.36,1188899,19.8762,75.3433,138.5,4,Regur,Semi-Urban Inland
Aurangabad,2022,73.75,16.48,8.77,1.0,7,652.63,1.04,25143.08,93.2,112.82,13.06,1206469,19.8762,75.3433,138.5,4,Regur,Semi-Urban Inland
Aurangabad,2023,75.62,15.15,8.23,1.0,8,444.9,1.63,32021.8,101.27,111.36,11.83,1224039,19.8762,75.3433,138.5,4,Regur,Semi-Urban Inland
Solapur,2010,40.85,46.7,11.45,1.0,5,433.94,0.53,6306.74,34.51,97.37,11.27,808450,17.6599,75.9064,180.67,3,Black Cotton,Semi-Urban Inland
Solapur,2011,42.89,45.09,11.02,1.0,6,422.79,0.31,5767.23,39.62,99.23,9.93,822717,17.6599,75.9064,180.67,3,Black Cotton,Semi-Urban Inland
Solapur,2012,44.17,44.42,10.41,1.0,6,436.89,0.38,6895.61,42.35,99.68,10.29,836983,17.6599,75.9064,180.67,3,Black Cotton,Semi-Urban Inland
Solapur,2013,45.93,42.89,10.19,1.0,5,492.73,0.61,6115.35,43.19,99.33,9.49,851250,17.6599,75.9064,180.67,3,Black Cotton,Semi-Urban Inland
Solapur,2014,46.82,42.91,9.27,1.0,6,336.81,0.91,7423.6,48.11,98.66,11.1,865517,17.6599,75.9064,180.67,3,Black Cotton,Semi-Urban Inland
Solapur,2015,48.58,41.51,8.91,1.0,6,556.42,0.55,7303.52,51.43,101.27,11.44,879784,17.6599,75.9064,180.67,3,Black Cotton,Semi-Urban Inland
Solapur,2016,50.95,39.84,8.21,1.0,6,562.09,0.54,8305.21,55.34,102.08,12.15,894050,17.6599,75.9064,180.67,3,Black Cotton,Semi-Urban Inland
Solapur,2017,51.91,39.13,7.95,1.0,5,585.83,0.19,10071.62,55.55,104.65,12.57,908317,17.6599,75.9064,180.67,3,Black Cotton,Semi-Urban Inland
Solapur,2018,53.01,38.39,7.6,1.0,6,360.91,0.42,8487.4,61.33,104.32,12.43,922584,17.6599,75.9064,180.67,3,Black Cotton,Semi-Urban Inland
Solapur,2019,55.12,36.99,6.89,1.0,5,483.85,0.48,8668.23,62.45,104.81,11.35,936851,17.6599,75.9064,180.67,3,Black Cotton,Semi-Urban Inland
Solapur,2020,55.95,36.86,6.19,1.0,7,594.33,1.06,9271.27,71.35,102.72,13.7,951118,17.6599,75.9064,180.67,3,Black Cotton,Semi-Urban Inland
Solapur,2021,57.35,35.34,6.31,1.0,6,659.93,0.89,11186.06,71.93,104.35,15.07,965384,17.6599,75.9064,180.67,3,Black Cotton,Semi-Urban Inland
Solapur,2022,58.51,35.01,5.47,1.0,6,608.24,1.49,12992.52,75.37,102.14,12.03,979651,17.6599,75.9064,180.67,3,Black Cotton,Semi-Urban Inland
Solapur,2023,60.54,33.55,4.91,1.0,6,562.77,0.9,13456.72,79.74,105.9,14.51,993918,17.6599,75.9064,180.67,3,Black Cotton,Semi-Urban Inland
Amravati,2010,31.85,43.71,23.44,1.0,4,842.98,-0.5,4327.62,27.11,102.49,10.21,549780,20.9374,77.7796,270.0,9,Clay Loam,Rural Inland
Amravati,2011,33.12,42.79,23.09,1.0,4,846.04,0.3,4365.29,29.27,99.28,10.33,559482,20.9374,77.7796,270.0,9,Clay Loam,Rural Inland
Amravati,2012,34.06,42.2,22.74,1.0,3,806.55,0.11,4763.18,29.08,101.06,10.12,569184,20.9374,77.7796,270.0,9,Clay Loam,Rural Inland
Amravati,2013,35.15,41.5,22.35,1.0,3,994.7,0.36,5634.25,31.15,100.61,9.41,578886,20.9374,77.7796,270.0,9,Clay Loam,Rural Inland
Amravati,2014,35.53,41.53,21.94,1.0,4,798.27,0.82,6879.87,35.18,99.09,10.84,588588,20.9374,77.7796,270.0,9,Clay Loam,Rural Inland
Amravati,2015,36.1,41.12,21.78,1.0,3,807.98,0.42,4422.59,34.57,101.92,10.58,598290,20.9374,77.7796,270.0,9,Clay Loam,Rural Inland
Amravati,2016,37.35,40.2,21.46,1.0,4,1005.05,0.3,6650.95,39.53,103.3,11.59,607992,20.9374,77.7796,270.0,9,Clay Loam,Rural Inland
Amravati,2017,38.39,39.89,20.72,1.0,4,866.65,0.85,6451.52,41.89,101.36,14.56,617694,20.9374,77.7796,270.0,9,Clay Loam,Rural Inland
Amravati,2018,39.36,39.06,20.57,1.0,3,786.26,1.16,7911.79,41.46,100.62,11.83,627396,20.9374,77.7796,270.0,9,Clay Loam,Rural Inland
Amravati,2019,40.1,38.77,20.13,1.0,4,870.29,0.45,8502.18,46.49,104.97,14.5,637098,20.9374,77.7796,270.0,9,Clay Loam,Rural Inland
Amravati,2020,41.22,37.86,19.93,1.0,4,915.85,1.6,7214.59,49.1,99.98,12.2,646801,20.9374,77.7796,270.0,9,Clay Loam,Rural Inland
Amravati,2021,42.09,37.32,19.6,1.0,5,798.24,1.17,7827.54,54.64,102.96,14.49,656503,20.9374,77.7796,270.0,9,Clay Loam,Rural Inland
Amravati,2022,44.02,36.18,18.81,1.0,4,918.19,1.75,9112.43,55.06,100.83,13.24,666205,20.9374,77.7796,270.0,9,Clay Loam,Rural Inland
Amravati,2023,44.11,36.25,18.63,1.0,4,956.67,1.65,10586.22,56.87,102.15,14.55,675907,20.9374,77.7796,270.0,9,Clay Loam,Rural Inland
Kolhapur,2010,43.41,25.36,30.23,1.0,4,1064.87,-0.12,7196.55,34.05,100.59,11.28,477564,16.705,74.2433,66.82,7,Lateritic,Semi-Urban Hilly
Kolhapur,2011,45.28,24.2,29.52,1.0,5,1092.55,0.75,7337.97,39.02,97.76,10.52,485992,16.705,74.2433,66.82,7,Lateritic,Semi-Urban Hilly
Kolhapur,2012,46.49,23.43,29.08,1.0,5,1088.79,0.26,7641.76,41.69,101.72,10.79,494420,16.705,74.2433,66.82,7,Lateritic,Semi-Urban Hilly
Kolhapur,2013,48.72,21.36,28.92,1.0,4,1147.5,-0.16,8067.85,42.82,105.28,11.28,502847,16.705,74.2433,66.82,7,Lateritic,Semi-Urban Hilly
Kolhapur,2014,50.26,20.46,28.28,1.0,6,883.2,-0.26,9937.82,50.59,107.3,10.7,511275,16.705,74.2433,66.82,7,Lateritic,Semi-Urban Hilly
Kolhapur,2015,51.12,19.7,28.18,1.0,4,899.97,0.76,10821.59,48.34,103.69,11.4,519702,16.705,74.2433,66.82,7,Lateritic,Semi-Urban Hilly
Kolhapur,2016,53.76,17.78,27.46,1.0,4,1023.44,0.67,10300.72,52.33,105.63,12.15,528130,16.705,74.2433,66.82,7,Lateritic,Semi-Urban Hilly
Kolhapur,2017,54.12,17.59,27.29,1.0,5,1062.27,0.84,12155.41,57.34,106.31,12.55,536558,16.705,74.2433,66.82,7,Lateritic,Semi-Urban Hilly
Kolhapur,2018,56.03,16.23,26.74,1.0,5,1019.03,1.23,10857.56,61.06,105.84,14.2,544985,16.705,74.2433,66.82,7,Lateritic,Semi-Urban Hilly
Kolhapur,2019,58.13,14.17,26.7,1.0,4,1112.06,0.7,12049.84,62.17,109.98,10.81,553413,16.705,74.2433,66.82,7,Lateritic,Semi-Urban Hilly
Kolhapur,2020,60.06,12.68,26.25,1.0,5,1106.58,1.13,11855.24,69.06,109.36,12.95,561841,16.705,74.2433,66.82,7,Lateritic,Semi-Urban Hilly
Kolhapur,2021,61.12,11.84,26.04,1.0,5,1005.9,1.11,15015.76,72.34,110.96,11.26,570268,16.705,74.2433,66.82,7,Lateritic,Semi-Urban Hilly
Kolhapur,2022,62.8,10.88,25.32,1.0,5,1207.77,1.39,14274.62,76.29,111.04,14.17,578696,16.705,74.2433,66.82,7,Lateritic,Semi-Urban Hilly
Kolhapur,2023,64.1,10.17,24.73,1.0,4,1097.82,1.42,18619.22,76.66,112.41,14.54,587123,16.705,74.2433,66.82,7,Lateritic,Semi-Urban Hilly
Navi Mumbai,2010,75.98,2.52,20.5,1.0,14,2507.53,-0.21,60981.59,73.59,101.03,10.2,951555,19.033,73.0297,344.0,5,Marshy Alluvial,Planned Urban Coastal
Navi Mumbai,2011,77.88,1.17,19.95,1.0,14,2352.28,-0.07,53379.36,78.46,101.86,12.44,968347,19.033,73.0297,344.0,5,Marshy Alluvial,Planned Urban Coastal
Navi Mumbai,2012,78.99,0.91,19.1,1.0,14,2361.35,-0.11,56207.5,82.93,103.53,8.93,985139,19.033,73.0297,344.0,5,Marshy Alluvial,Planned Urban Coastal
Navi Mumbai,2013,79.67,0.9,18.43,1.0,14,2177.42,-0.14,65384.59,87.17,105.2,11.95,1001931,19.033,73.0297,344.0,5,Marshy Alluvial,Planned Urban Coastal
Navi Mumbai,2014,80.26,0.88,17.86,1.0,14,2282.74,0.67,75137.5,91.38,102.67,9.62,1018724,19.033,73.0297,344.0,5,Marshy Alluvial,Planned Urban Coastal
Navi Mumbai,2015,81.17,0.88,16.96,1.0,14,2349.4,0.58,68873.58,95.88,104.61,10.83,1035516,19.033,73.0297,344.0,5,Marshy Alluvial,Planned Urban Coastal
Navi Mumbai,2016,81.55,0.87,16.58,1.0,13,2377.17,-0.25,94254.15,97.41,110.27,10.06,1052308,19.033,73.0297,344.0,5,Marshy Alluvial,Planned Urban Coastal
Navi Mumbai,2017,82.33,0.87,15.81,1.0,14,2253.23,0.8,87369.03,104.48,106.48,12.58,1069100,19.033,73.0297,344.0,5,Marshy Alluvial,Planned Urban Coastal
Navi Mumbai,2018,82.36,0.87,15.78,1.0,13,2144.34,0.67,115388.03,105.58,108.64,13.25,1085892,19.033,73.0297,344.0,5,Marshy Alluvial,Planned Urban Coastal
Navi Mumbai,2019,82.91,0.87,15.22,1.0,15,2338.19,1.03,118215.08,115.63,108.35,12.94,1102684,19.033,73.0297,344.0,5,Marshy Alluvial,Planned Urban Coastal
Navi Mumbai,2020,83.24,0.88,14.88,1.0,14,2372.76,1.02,123245.54,116.92,109.92,12.92,1119477,19.033,73.0297,344.0,5,Marshy Alluvial,Planned Urban Coastal
Navi Mumbai,2021,83.46,0.88,14.66,1.0,14,2399.8,0.23,156704.31,121.02,115.34,13.16,1136269,19.033,73.0297,344.0,5,Marshy Alluvial,Planned Urban Coastal
Navi Mumbai,2022,83.88,0.88,14.24,1.0,13,2237.62,1.77,127197.37,122.13,109.13,13.82,1153061,19.033,73.0297,344.0,5,Marshy Alluvial,Planned Urban Coastal
Navi Mumbai,2023,84.33,0.89,13.79,1.0,14,2540.34,1.28,145760.6,129.68,113.09,14.95,1169853,19.033,73.0297,344.0,5,Marshy Alluvial,Planned Urban Coastal
Akola,2010,33.43,52.28,13.29,1.0,2,888.34,-0.34,3938.52,24.06,101.72,9.25,456660,20.7002,77.0082,128.0,4,Black Cotton,Rural Inland
Akola,2011,34.27,51.8,12.92,1.0,3,886.37,0.24,3864.26,27.89,99.62,11.26,464719,20.7002,77.0082,128.0,4,Black Cotton,Rural Inland
Akola,2012,35.96,50.49,12.55,1.0,3,695.24,0.61,4196.36,30.33,98.54,10.73,472778,20.7002,77.0082,128.0,4,Black Cotton,Rural Inland
Akola,2013,36.51,50.66,11.83,1.0,2,884.45,0.05,3889.78,29.79,102.17,8.75,480836,20.7002,77.0082,128.0,4,Black Cotton,Rural Inland
Akola,2014,37.49,49.56,11.95,1.0,3,656.18,1.08,5486.79,34.19,97.82,10.88,488895,20.7002,77.0082,128.0,4,Black Cotton,Rural Inland
Akola,2015,37.57,50.55,10.88,1.0,2,827.26,1.23,6057.09,33.18,97.84,12.06,496954,20.7002,77.0082,128.0,4,Black Cotton,Rural Inland
Akola,2016,39.66,48.62,10.71,1.0,3,735.42,0.58,4851.44,38.74,101.89,11.52,505013,20.7002,77.0082,128.0,4,Black Cotton,Rural Inland
Akola,2017,40.42,48.47,10.12,1.0,2,742.99,1.12,6511.99,38.14,100.01,10.53,513071,20.7002,77.0082,128.0,4,Black Cotton,Rural Inland
Akola,2018,41.51,47.92,9.57,1.0,3,780.01,0.51,6209.69,43.27,103.85,11.07,521130,20.7002,77.0082,128.0,4,Black Cotton,Rural Inland
Akola,2019,42.9,47.08,9.01,1.0,3,723.04,1.07,6729.93,46.02,101.87,14.06,529189,20.7002,77.0082,128.0,4,Black Cotton,Rural Inland
Akola,2020,44.23,45.92,8.86,1.0,3,729.89,1.01,6248.54,48.8,102.94,12.34,537248,20.7002,77.0082,128.0,4,Black Cotton,Rural Inland
Akola,2021,44.57,46.31,8.12,1.0,2,653.16,1.37,7010.29,47.65,101.96,14.55,545306,20.7002,77.0082,128.0,4,Black Cotton,Rural Inland
Akola,2022,46.18,45.07,7.75,1.0,4,606.24,1.29,8523.29,57.13,103.14,14.01,553365,20.7002,77.0082,128.0,4,Black Cotton,Rural Inland
Akola,2023,47.45,44.11,7.44,1.0,3,821.39,1.96,7652.7,56.88,100.58,12.53,561424,20.7002,77.0082,128.0,4,Black Cotton,Rural Inland
Jalgaon,2010,36.94,47.42,14.64,1.0,4,951.77,-0.17,3800.65,30.16,100.83,11.63,416693,21.0077,75.5626,68.78,3,Black Cotton,Semi-Urban Valley
Jalgaon,2011,38.94,45.73,14.33,1.0,3,719.07,-0.27,3794.09,30.83,102.14,9.53,424047,21.0077,75.5626,68.78,3,Black Cotton,Semi-Urban Valley
Jalgaon,2012,40.89,44.14,13.97,1.0,4,584.63,0.31,4762.0,35.79,100.04,9.39,431400,21.0077,75.5626,68.78,3,Black Cotton,Semi-Urban Valley
Jalgaon,2013,42.54,43.42,13.04,1.0,4,839.83,0.32,4664.33,38.55,100.79,9.98,438754,21.0077,75.5626,68.78,3,Black Cotton,Semi-Urban Valley
Jalgaon,2014,44.01,42.19,12.79,1.0,3,710.45,0.77,5340.4,38.89,99.35,11.81,446107,21.0077,75.5626,68.78,3,Black Cotton,Semi-Urban Valley
Jalgaon,2015,44.9,41.62,12.48,1.0,4,1015.93,0.62,5031.23,43.68,100.91,11.19,453460,21.0077,75.5626,68.78,3,Black Cotton,Semi-Urban Valley
Jalgaon,2016,46.72,40.49,11.79,1.0,4,705.4,0.2,3865.64,46.84,103.8,12.31,460814,21.0077,75.5626,68.78,3,Black Cotton,Semi-Urban Valley
Jalgaon,2017,48.39,39.22,11.39,1.0,5,783.39,0.95,5662.71,52.7,100.84,12.0,468167,21.0077,75.5626,68.78,3,Black Cotton,Semi-Urban Valley
Jalgaon,2018,49.92,38.42,10.66,1.0,4,717.19,1.1,5819.41,53.13,100.91,11.64,475521,21.0077,75.5626,68.78,3,Black Cotton,Semi-Urban Valley
Jalgaon,2019,51.45,37.39,10.16,1.0,4,892.59,1.04,6340.05,56.36,101.99,13.52,482874,21.0077,75.5626,68.78,3,Black Cotton,Semi-Urban Valley
Jalgaon,2020,52.72,36.72,9.56,1.0,3,677.49,0.91,6175.7,56.45,103.46,12.81,490228,21.0077,75.5626,68.78,3,Black Cotton,Semi-Urban Valley
Jalgaon,2021,53.88,36.02,9.11,1.0,4,790.45,0.51,6219.06,62.51,106.26,13.16,497581,21.0077,75.5626,68.78,3,Black Cotton,Semi-Urban Valley
Jalgaon,2022,54.86,35.22,8.92,1.0,4,762.66,1.65,7775.23,65.47,101.36,13.26,504934,21.0077,75.5626,68.78,3,Black Cotton,Semi-Urban Valley
Jalgaon,2023,56.77,34.09,8.14,1.0,4,800.06,1.3,8647.73,69.4,103.9,15.09,512288,21.0077,75.5626,68.78,3,Black Cotton,Semi-Urban Valley
Latur,2010,32.47,57.26,7.49,2.78,3,588.31,-0.07,2413.1,25.48,100.34,8.2,325499,18.4088,76.5604,96.5,2,Medium Black,Rural Inland
Latur,2011,33.27,57.58,7.38,1.76,1,670.38,0.22,2422.71,23.06,99.71,10.48,331243,18.4088,76.5604,96.5,2,Medium Black,Rural Inland
Latur,2012,33.99,56.69,7.02,2.29,2,844.66,0.15,3240.51,26.83,100.84,9.67,336987,18.4088,76.5604,96.5,2,Medium Black,Rural Inland
Latur,2013,34.78,55.16,6.47,3.6,3,587.81,-0.18,4172.45,30.9,103.32,10.69,342731,18.4088,76.5604,96.5,2,Medium Black,Rural Inland
Latur,2014,35.67,55.32,5.88,3.14,3,792.79,0.25,4785.48,32.88,101.93,10.59,348475,18.4088,76.5604,96.5,2,Medium Black,Rural Inland
Latur,2015,37.37,54.15,5.76,2.72,3,728.2,0.27,4174.9,35.53,102.63,10.82,354219,18.4088,76.5604,96.5,2,Medium Black,Rural Inland
Latur,2016,39.01,53.27,4.93,2.8,3,590.29,0.31,4908.95,38.23,103.26,11.14,359963,18.4088,76.5604,96.5,2,Medium Black,Rural Inland
Latur,2017,38.48,52.67,4.74,4.12,3,824.6,0.47,3485.31,39.27,103.24,13.6,365707,18.4088,76.5604,96.5,2,Medium Black,Rural Inland
Latur,2018,39.84,51.47,4.27,4.42,3,770.59,1.45,4234.37,41.86,99.15,13.33,371451,18.4088,76.5604,96.5,2,Medium Black,Rural Inland
Latur,2019,41.03,50.93,3.81,4.23,3,778.83,1.22,4702.4,44.39,101.09,11.86,377195,18.4088,76.5604,96.5,2,Medium Black,Rural Inland
Latur,2020,41.48,49.02,3.41,6.09,2,702.87,0.92,5464.69,43.33,103.42,13.82,382940,18.4088,76.5604,96.5,2,Medium Black,Rural Inland
Latur,2021,43.43,48.91,2.47,5.19,3,700.13,1.58,6007.63,49.69,100.89,14.03,388684,18.4088,76.5604,96.5,2,Medium Black,Rural Inland
Latur,2022,44.33,48.99,2.04,4.65,2,764.97,1.0,5501.99,48.96,104.58,14.19,394428,18.4088,76.5604,96.5,2,Medium Black,Rural Inland
Latur,2023,45.62,47.61,1.56,5.21,4,749.08,2.08,6846.03,58.36,100.0,12.14,400172,18.4088,76.5604,96.5,2,Medium Black,Rural Inland
Ahmednagar,2010,26.3,55.78,16.92,1.0,4,609.15,-0.37,2671.97,23.78,101.84,9.15,298269,19.0948,74.748,128.86,4,Black Cotton,Rural Inland
Ahmednagar,2011,26.8,55.55,16.65,1.0,4,503.41,0.23,3408.76,25.29,99.63,9.69,303532,19.0948,74.748,128.86,4,Black Cotton,Rural Inland
Ahmednagar,2012,28.17,54.97,15.85,1.0,4,610.91,0.33,2716.71,27.39,99.97,10.16,308796,19.0948,74.748,128.86,4,Black Cotton,Rural Inland
Ahmednagar,2013,29.4,53.81,15.79,1.0,3,645.47,0.58,2645.52,27.18,99.5,9.14,314059,19.0948,74.748,128.86,4,Black Cotton,Rural Inland
Ahmednagar,2014,29.58,54.38,15.04,1.0,5,566.58,0.46,4260.83,33.3,100.92,13.21,319323,19.0948,74.748,128.86,4,Black Cotton,Rural Inland
Ahmednagar,2015,31.68,52.7,14.62,1.0,4,700.84,0.33,3323.33,33.76,102.33,11.5,324587,19.0948,74.748,128.86,4,Black Cotton,Rural Inland
Ahmednagar,2016,32.28,52.32,14.41,1.0,4,631.84,1.04,3330.94,35.58,99.58,11.61,329850,19.0948,74.748,128.86,4,Black Cotton,Rural Inland
Ahmednagar,2017,33.43,51.59,13.98,1.0,4,774.34,0.89,3617.63,37.88,101.15,13.95,335114,19.0948,74.748,128.86,4,Black Cotton,Rural Inland
Ahmednagar,2018,34.7,51.08,13.23,1.0,3,585.78,1.13,5733.4,37.55,100.77,13.94,340377,19.0948,74.748,128.86,4,Black Cotton,Rural Inland
Ahmednagar,2019,35.49,50.44,13.06,1.0,3,655.32,0.86,4468.82,39.58,102.92,11.11,345641,19.0948,74.748,128.86,4,Black Cotton,Rural Inland
Ahmednagar,2020,36.86,49.84,12.3,1.0,2,620.25,1.53,6319.34,39.17,100.34,12.54,350905,19.0948,74.748,128.86,4,Black Cotton,Rural Inland
Ahmednagar,2021,37.4,49.71,11.89,1.0,4,699.61,1.47,5318.97,47.18,101.46,13.1,356168,19.0948,74.748,128.86,4,Black Cotton,Rural Inland
Ahmednagar,2022,38.59,48.75,11.66,1.0,4,714.36,0.96,6967.34,49.84,104.8,13.33,361432,19.0948,74.748,128.86,4,Black Cotton,Rural Inland
Ahmednagar,2023,40.09,48.14,10.77,1.0,4,696.68,1.22,6190.69,52.89,104.32,14.42,366695,19.0948,74.748,128.86,4,Black Cotton,Rural Inland
Chandrapur,2010,24.22,17.74,52.16,5.89,4,1278.36,-0.41,2112.64,22.53,102.03,9.96,272322,19.9705,79.3015,114.0,8,Sandy Clay,Forest Rural
Chandrapur,2011,25.19,17.78,51.35,5.67,4,1269.06,0.44,1801.22,24.27,98.58,10.36,277127,19.9705,79.3015,114.0,8,Sandy Clay,Forest Rural
Chandrapur,2012,27.21,16.75,51.04,5.0,4,1166.24,0.23,1923.86,26.76,100.47,7.68,281933,19.9705,79.3015,114.0,8,Sandy Clay,Forest Rural
Chandrapur,2013,28.22,16.05,50.03,5.7,4,1310.92,0.92,2423.6,28.67,97.81,10.17,286739,19.9705,79.3015,114.0,8,Sandy Clay,Forest Rural
Chandrapur,2014,28.91,15.49,49.87,5.73,4,1200.73,0.11,2604.49,30.41,102.63,12.82,291544,19.9705,79.3015,114.0,8,Sandy Clay,Forest Rural
Chandrapur,2015,30.16,13.87,49.44,6.52,4,1337.31,0.48,2659.9,32.62,101.62,14.69,296350,19.9705,79.3015,114.0,8,Sandy Clay,Forest Rural
Chandrapur,2016,31.15,12.82,48.91,7.11,5,1260.33,0.17,3283.24,37.3,103.96,11.13,301156,19.9705,79.3015,114.0,8,Sandy Clay,Forest Rural
Chandrapur,2017,32.94,12.94,48.41,5.71,5,1255.79,0.96,3330.02,40.18,100.82,11.25,305961,19.9705,79.3015,114.0,8,Sandy Clay,Forest Rural
Chandrapur,2018,32.68,12.11,47.93,7.27,4,1153.49,0.93,4220.4,38.65,101.76,11.33,310767,19.9705,79.3015,114.0,8,Sandy Clay,Forest Rural
Chandrapur,2019,34.01,11.51,47.48,7.0,5,1142.76,1.03,3385.11,44.09,102.06,13.69,315573,19.9705,79.3015,114.0,8,Sandy Clay,Forest Rural
Chandrapur,2020,35.59,11.29,47.12,6.0,5,1268.44,0.89,3900.67,47.03,103.53,12.7,320379,19.9705,79.3015,114.0,8,Sandy Clay,Forest Rural
Chandrapur,2021,36.08,9.86,46.3,7.76,5,1380.71,1.06,2738.16,49.06,103.48,12.69,325184,19.9705,79.3015,114.0,8,Sandy Clay,Forest Rural
Chandrapur,2022,37.65,8.39,45.8,8.16,4,1333.06,1.36,4057.23,48.94,102.78,13.23,329990,19.9705,79.3015,114.0,8,Sandy Clay,Forest Rural
Chandrapur,2023,37.8,7.14,45.82,9.23,5,1370.72,1.76,5048.62,53.93,101.62,13.47,334796,19.9705,79.3015,114.0,8,Sandy Clay,Forest Rural
Parbhani,2010,29.31,60.16,9.53,1.0,2,729.1,0.36,1517.85,21.59,98.22,10.2,261094,19.2608,76.7767,37.8,3,Regur,Rural Inland
Parbhani,2011,30.28,59.37,9.35,1.0,1,934.13,-0.3,1759.02,21.17,102.32,12.24,265702,19.2608,76.7767,37.8,3,Regur,Rural Inland
Parbhani,2012,30.98,59.07,8.95,1.0,2,882.06,0.35,1996.05,24.85,99.87,11.71,270309,19.2608,76.7767,37.8,3,Regur,Rural Inland
Parbhani,2013,32.44,58.12,8.44,1.0,2,833.74,0.01,2265.8,26.99,102.36,10.78,274917,19.2608,76.7767,37.8,3,Regur,Rural Inland
Parbhani,2014,32.57,58.61,7.81,1.0,2,880.2,0.46,2265.96,28.25,100.91,10.76,279524,19.2608,76.7767,37.8,3,Regur,Rural Inland
Parbhani,2015,34.64,56.85,7.51,1.0,2,753.46,0.83,2044.7,30.98,99.87,12.31,284132,19.2608,76.7767,37.8,3,Regur,Rural Inland
Parbhani,2016,35.38,56.82,6.8,1.0,1,845.06,0.51,2613.32,30.19,102.25,10.18,288739,19.2608,76.7767,37.8,3,Regur,Rural Inland
Parbhani,2017,36.46,55.85,6.69,1.0,2,836.56,0.65,2518.84,34.93,102.35,13.26,293347,19.2608,76.7767,37.8,3,Regur,Rural Inland
Parbhani,2018,37.37,55.47,6.17,1.0,2,865.96,1.1,1763.97,36.99,100.9,13.08,297954,19.2608,76.7767,37.8,3,Regur,Rural Inland
Parbhani,2019,38.67,53.88,5.6,1.84,2,833.26,1.19,3469.27,39.45,101.27,14.01,302562,19.2608,76.7767,37.8,3,Regur,Rural Inland
Parbhani,2020,40.33,53.72,4.95,1.0,1,822.39,0.75,3951.46,39.3,104.26,12.82,307170,19.2608,76.7767,37.8,3,Regur,Rural Inland
Parbhani,2021,41.04,53.45,4.51,1.0,3,784.74,1.16,2853.35,47.47,103.01,11.98,311777,19.2608,76.7767,37.8,3,Regur,Rural Inland
Parbhani,2022,41.69,52.38,3.91,2.01,1,706.37,1.18,2649.89,43.23,103.72,14.36,316385,19.2608,76.7767,37.8,3,Regur,Rural Inland
Parbhani,2023,43.04,50.87,3.44,2.65,1,878.92,1.7,2632.94,45.91,101.89,14.02,320992,19.2608,76.7767,37.8,3,Regur,Rural Inland
Jalna,2010,25.08,63.23,10.69,1.0,2,686.09,-0.24,1825.96,19.05,101.19,10.02,242546,19.8347,75.8816,112.0,2,Medium Black,Rural Inland
Jalna,2011,27.0,61.99,10.01,1.0,2,537.69,-0.38,1769.29,21.21,102.68,10.81,246826,19.8347,75.8816,112.0,2,Medium Black,Rural Inland
Jalna,2012,26.68,62.61,9.71,1.0,3,879.22,0.47,1713.65,24.21,99.25,9.71,251107,19.8347,75.8816,112.0,2,Medium Black,Rural Inland
Jalna,2013,27.75,61.85,9.4,1.0,2,704.87,0.32,1836.25,23.75,100.78,10.25,255387,19.8347,75.8816,112.0,2,Medium Black,Rural Inland
Jalna,2014,29.52,60.86,8.62,1.0,3,708.14,0.41,2243.58,28.46,101.17,11.43,259667,19.8347,75.8816,112.0,2,Medium Black,Rural Inland
Jalna,2015,30.85,59.93,8.21,1.0,3,603.63,0.53,2164.84,30.64,101.34,11.29,263947,19.8347,75.8816,112.0,2,Medium Black,Rural Inland
Jalna,2016,31.91,59.21,7.88,1.0,3,733.99,0.29,2732.06,32.69,103.34,10.93,268228,19.8347,75.8816,112.0,2,Medium Black,Rural Inland
Jalna,2017,33.0,58.74,7.26,1.0,3,598.64,0.98,2813.49,34.83,100.72,11.43,272508,19.8347,75.8816,112.0,2,Medium Black,Rural Inland
Jalna,2018,34.27,57.76,6.97,1.0,3,704.57,1.04,2921.93,37.19,101.18,10.65,276788,19.8347,75.8816,112.0,2,Medium Black,Rural Inland
Jalna,2019,35.53,56.78,6.68,1.0,3,608.9,0.78,2355.18,39.62,103.32,12.49,281068,19.8347,75.8816,112.0,2,Medium Black,Rural Inland
Jalna,2020,35.67,57.1,6.23,1.0,3,661.78,0.94,2233.99,41.1,103.31,12.19,285349,19.8347,75.8816,112.0,2,Medium Black,Rural Inland
Jalna,2021,37.2,56.58,5.21,1.0,2,715.36,1.18,2780.22,40.8,102.88,13.72,289629,19.8347,75.8816,112.0,2,Medium Black,Rural Inland
Jalna,2022,37.76,55.39,5.11,1.73,3,674.36,1.17,3280.28,45.85,103.76,13.23,293909,19.8347,75.8816,112.0,2,Medium Black,Rural Inland
Jalna,2023,38.87,55.4,4.61,1.12,3,787.7,1.2,4124.33,48.38,104.4,14.27,298189,19.8347,75.8816,112.0,2,Medium Black,Rural Inland
Nanded,2010,40.37,46.42,12.21,1.0,3,817.61,0.04,4680.22,30.22,99.79,12.23,467979,19.1383,77.321,63.2,4,Clay Loam,Semi-Urban Inland
Nanded,2011,42.23,45.21,11.57,1.0,3,858.22,-0.09,3923.39,32.9,101.23,9.83,476237,19.1383,77.321,63.2,4,Clay Loam,Semi-Urban Inland
Nanded,2012,43.02,44.71,11.27,1.0,4,1144.41,-0.08,2838.35,37.2,101.98,10.31,484496,19.1383,77.321,63.2,4,Clay Loam,Semi-Urban Inland
Nanded,2013,45.18,43.35,10.47,1.0,4,890.47,0.27,6301.93,40.37,101.06,9.4,492754,19.1383,77.321,63.2,4,Clay Loam,Semi-Urban Inland
Nanded,2014,46.65,41.91,10.44,1.0,4,967.81,0.28,5064.39,43.19,101.79,10.86,501013,19.1383,77.321,63.2,4,Clay Loam,Semi-Urban Inland
Nanded,2015,48.54,40.65,9.81,1.0,4,1049.61,0.48,3898.27,46.4,101.58,12.76,509271,19.1383,77.321,63.2,4,Clay Loam,Semi-Urban Inland
Nanded,2016,49.87,39.93,9.2,1.0,4,723.43,1.54,6394.03,49.3,97.09,12.02,517530,19.1383,77.321,63.2,4,Clay Loam,Semi-Urban Inland
Nanded,2017,51.25,38.95,8.79,1.0,4,992.56,0.73,5747.64,52.31,101.97,11.95,525788,19.1383,77.321,63.2,4,Clay Loam,Semi-Urban Inland
Nanded,2018,52.5,38.23,8.27,1.0,2,1002.59,0.86,6269.85,49.7,102.11,12.01,534047,19.1383,77.321,63.2,4,Clay Loam,Semi-Urban Inland
Nanded,2019,54.42,37.09,7.5,1.0,4,839.83,0.49,6122.36,58.94,104.77,13.56,542305,19.1383,77.321,63.2,4,Clay Loam,Semi-Urban Inland
Nanded,2020,55.78,35.94,7.27,1.0,4,872.85,1.13,7971.0,62.21,102.35,13.75,550564,19.1383,77.321,63.2,4,Clay Loam,Semi-Urban Inland
Nanded,2021,57.24,35.05,6.71,1.0,4,934.35,0.84,7436.81,65.63,104.62,12.56,558822,19.1383,77.321,63.2,4,Clay Loam,Semi-Urban Inland
Nanded,2022,58.65,34.24,6.11,1.0,4,747.64,1.26,8101.57,69.11,103.28,12.78,567080,19.1383,77.321,63.2,4,Clay Loam,Semi-Urban Inland
Nanded,2023,60.09,33.48,5.43,1.0,3,860.09,1.02,9638.77,69.39,105.31,13.71,575339,19.1383,77.321,63.2,4,Clay Loam,Semi-Urban Inland
Satara,2010,22.8,41.73,34.47,1.0,2,1425.99,0.08,977.53,17.68,99.58,8.69,277750,17.68,74.0203,90.0,5,Lateritic,Rural Hilly
Satara,2011,22.56,42.09,34.35,1.0,3,1440.97,-0.05,955.24,20.51,101.04,9.33,282651,17.68,74.0203,90.0,5,Lateritic,Rural Hilly
Satara,2012,24.52,41.07,33.41,1.0,4,1459.24,0.05,920.21,24.98,101.36,8.83,287553,17.68,74.0203,90.0,5,Lateritic,Rural Hilly
Satara,2013,25.2,40.6,33.2,1.0,3,1337.76,0.64,978.62,24.28,99.22,10.89,292454,17.68,74.0203,90.0,5,Lateritic,Rural Hilly
Satara,2014,26.07,40.03,32.9,1.0,2,1354.19,0.31,839.66,23.57,101.66,10.38,297356,17.68,74.0203,90.0,5,Lateritic,Rural Hilly
Satara,2015,26.86,39.71,32.43,1.0,3,1505.09,0.46,1164.3,27.65,101.71,11.4,302257,17.68,74.0203,90.0,5,Lateritic,Rural Hilly
Satara,2016,28.26,38.84,31.89,1.0,3,1562.27,0.88,1341.69,29.85,100.41,13.04,307159,17.68,74.0203,90.0,5,Lateritic,Rural Hilly
Satara,2017,28.93,38.39,31.68,1.0,2,1481.58,1.06,1223.7,28.83,100.29,11.65,312060,17.68,74.0203,90.0,5,Lateritic,Rural Hilly
Satara,2018,29.8,37.99,31.21,1.0,1,1364.95,0.43,1229.17,27.83,104.23,12.25,316962,17.68,74.0203,90.0,5,Lateritic,Rural Hilly
Satara,2019,30.37,37.6,31.03,1.0,3,1482.22,0.56,1609.76,35.12,104.41,12.62,321863,17.68,74.0203,90.0,5,Lateritic,Rural Hilly
Satara,2020,32.03,36.32,30.65,1.0,3,1457.64,0.73,1315.51,37.83,104.35,14.13,326765,17.68,74.0203,90.0,5,Lateritic,Rural Hilly
Satara,2021,32.02,36.7,30.28,1.0,3,1387.14,1.28,1454.44,39.08,102.4,13.14,331666,17.68,74.0203,90.0,5,Lateritic,Rural Hilly
Satara,2022,33.56,35.13,30.31,1.0,2,1397.14,0.9,1124.62,38.61,105.09,13.41,336567,17.68,74.0203,90.0,5,Lateritic,Rural Hilly
Satara,2023,34.91,34.73,29.36,1.0,3,1422.25,1.46,1496.31,44.46,103.08,15.01,341469,17.68,74.0203,90.0,5,Lateritic,Rural Hilly
Beed,2010,23.69,66.48,8.84,1.0,2,733.29,0.18,1338.47,18.21,99.11,9.43,124702,18.9891,75.76,69.2,2,Black Cotton,Rural Inland
Beed,2011,24.49,66.45,8.07,1.0,1,682.48,0.12,1533.4,17.53,100.22,10.54,126903,18.9891,75.76,69.2,2,Black Cotton,Rural Inland
Beed,2012,25.45,66.0,7.55,1.0,1,655.67,-0.29,1551.45,19.0,103.06,12.26,129103,18.9891,75.76,69.2,2,Black Cotton,Rural Inland
Beed,2013,26.75,65.08,7.18,1.0,1,628.48,0.2,2010.99,20.76,101.38,11.46,131304,18.9891,75.76,69.2,2,Black Cotton,Rural Inland
Beed,2014,27.32,64.62,7.07,1.0,2,824.05,0.1,1589.7,24.47,102.72,9.94,133505,18.9891,75.76,69.2,2,Black Cotton,Rural Inland
Beed,2015,28.65,63.71,6.64,1.0,2,634.02,0.55,1691.29,26.49,101.27,13.59,135705,18.9891,75.76,69.2,2,Black Cotton,Rural Inland
Beed,2016,29.2,63.29,6.4,1.11,2,647.0,0.49,1978.16,27.97,102.34,13.17,137906,18.9891,75.76,69.2,2,Black Cotton,Rural Inland
Beed,2017,29.89,63.17,5.22,1.72,1,623.08,0.88,1659.76,26.91,101.22,12.56,140107,18.9891,75.76,69.2,2,Black Cotton,Rural Inland
Beed,2018,33.01,60.92,5.04,1.03,1,708.59,0.81,2131.44,30.53,102.37,12.89,142307,18.9891,75.76,69.2,2,Black Cotton,Rural Inland
Beed,2019,33.82,60.55,4.63,1.0,1,570.36,1.04,3015.1,32.32,101.99,13.06,144508,18.9891,75.76,69.2,2,Black Cotton,Rural Inland
Beed,2020,33.84,60.0,3.75,2.41,2,754.23,0.86,2437.44,36.46,103.68,13.27,146709,18.9891,75.76,69.2,2,Black Cotton,Rural Inland
Beed,2021,34.78,59.17,3.92,2.13,2,630.17,0.91,3069.18,38.55,104.27,13.12,148909,18.9891,75.76,69.2,2,Black Cotton,Rural Inland
Beed,2022,35.68,59.06,3.28,1.98,1,479.35,1.5,2655.76,37.45,102.09,14.39,151110,18.9891,75.76,69.2,2,Black Cotton,Rural Inland
Beed,2023,36.01,58.05,2.26,3.68,2,667.43,1.01,2922.66,42.25,105.33,14.59,153310,18.9891,75.76,69.2,2,Black Cotton,Rural Inland
Yavatmal,2010,19.37,59.97,19.67,1.0,1,1107.72,0.03,1239.32,13.62,99.84,8.67,120671,20.3888,78.1204,60.6,3,Clay,Rural Inland
Yavatmal,2011,20.24,59.79,18.98,1.0,2,800.88,0.1,1241.32,16.95,100.32,10.66,122800,20.3888,78.1204,60.6,3,Clay,Rural Inland
Yavatmal,2012,21.78,58.97,18.25,1.0,2,989.67,0.32,1908.56,18.77,99.99,9.53,124930,20.3888,78.1204,60.6,3,Clay,Rural Inland
Yavatmal,2013,22.46,58.68,17.86,1.0,2,895.58,0.28,1804.92,20.1,101.02,10.41,127059,20.3888,78.1204,60.6,3,Clay,Rural Inland
Yavatmal,2014,23.04,58.2,17.76,1.0,1,1013.94,0.06,1993.13,18.99,102.92,11.66,129189,20.3888,78.1204,60.6,3,Clay,Rural Inland
Yavatmal,2015,23.62,57.54,17.84,1.0,1,899.56,0.64,2141.67,20.22,100.81,11.25,131318,20.3888,78.1204,60.6,3,Clay,Rural Inland
Yavatmal,2016,24.72,57.02,17.26,1.0,2,954.53,0.36,1808.94,24.48,103.01,12.32,133448,20.3888,78.1204,60.6,3,Clay,Rural Inland
Yavatmal,2017,26.07,56.31,16.62,1.0,1,1051.19,0.4,2073.65,23.81,103.6,12.35,135577,20.3888,78.1204,60.6,3,Clay,Rural Inland
Yavatmal,2018,27.33,55.69,15.98,1.0,2,999.45,1.07,2234.79,28.56,101.07,14.2,137707,20.3888,78.1204,60.6,3,Clay,Rural Inland
Yavatmal,2019,28.06,55.05,15.9,1.0,2,1029.89,0.71,2284.19,30.21,103.63,11.6,139836,20.3888,78.1204,60.6,3,Clay,Rural Inland
Yavatmal,2020,29.08,54.5,15.42,1.0,2,945.44,1.2,2228.59,32.17,102.0,12.61,141966,20.3888,78.1204,60.6,3,Clay,Rural Inland
Yavatmal,2021,30.17,53.95,14.88,1.0,2,794.21,0.99,3168.39,34.26,103.84,13.88,144095,20.3888,78.1204,60.6,3,Clay,Rural Inland
Yavatmal,2022,31.2,53.22,14.58,1.0,1,1015.88,1.33,3199.3,33.15,102.97,13.07,146224,20.3888,78.1204,60.6,3,Clay,Rural Inland
Yavatmal,2023,31.25,53.56,14.19,1.0,1,1015.35,1.18,3616.02,34.24,104.49,14.52,148354,20.3888,78.1204,60.6,3,Clay,Rural Inland
Osmanabad,2010,19.76,67.34,11.89,1.0,2,723.07,0.04,853.73,15.86,99.78,10.41,95272,18.207,76.0397,70.3,2,Medium Black,Rural Inland
Osmanabad,2011,20.24,67.7,11.06,1.0,2,697.07,0.56,1116.86,16.95,98.0,8.59,96953,18.207,76.0397,70.3,2,Medium Black,Rural Inland
Osmanabad,2012,20.93,67.37,10.71,1.0,1,776.0,0.35,1487.07,16.01,99.85,12.05,98634,18.207,76.0397,70.3,2,Medium Black,Rural Inland
Osmanabad,2013,22.55,66.15,10.3,1.0,2,663.62,0.01,1444.96,20.16,102.34,10.85,100316,18.207,76.0397,70.3,2,Medium Black,Rural Inland
Osmanabad,2014,23.68,65.5,9.82,1.0,1,849.02,0.71,1081.36,19.45,99.65,10.27,101997,18.207,76.0397,70.3,2,Medium Black,Rural Inland
Osmanabad,2015,24.15,65.4,9.44,1.0,1,667.81,0.2,1597.91,20.61,103.01,11.57,103678,18.207,76.0397,70.3,2,Medium Black,Rural Inland
Osmanabad,2016,25.43,64.75,8.82,1.0,1,927.35,1.0,1349.88,22.43,99.79,12.63,105359,18.207,76.0397,70.3,2,Medium Black,Rural Inland
Osmanabad,2017,27.16,63.25,8.59,1.0,2,647.75,0.42,2039.3,27.4,103.48,12.37,107041,18.207,76.0397,70.3,2,Medium Black,Rural Inland
Osmanabad,2018,27.96,63.05,7.99,1.0,1,864.73,1.15,1826.92,26.28,100.65,12.36,108722,18.207,76.0397,70.3,2,Medium Black,Rural Inland
Osmanabad,2019,28.23,63.06,7.61,1.09,2,872.44,0.8,2150.82,30.36,103.2,11.68,110403,18.207,76.0397,70.3,2,Medium Black,Rural Inland
Osmanabad,2020,29.99,61.91,7.05,1.05,1,746.85,1.25,2003.33,29.99,101.76,11.39,112085,18.207,76.0397,70.3,2,Medium Black,Rural Inland
Osmanabad,2021,31.55,61.27,6.18,1.0,2,709.7,1.18,2383.53,35.55,102.9,13.07,113766,18.207,76.0397,70.3,2,Medium Black,Rural Inland
Osmanabad,2022,31.61,60.05,5.82,2.52,1,753.28,0.99,2637.53,33.54,104.67,15.09,115447,18.207,76.0397,70.3,2,Medium Black,Rural Inland
Osmanabad,2023,32.71,59.72,5.6,1.97,2,767.6,1.52,2733.8,38.98,102.79,12.66,117128,18.207,76.0397,70.3,2,Medium Black,Rural Inland
Wardha,2010,22.81,53.88,22.3,1.0,2,1098.33,-0.06,1836.06,17.69,100.31,12.36,107477,20.7453,78.6022,75.0,4,Sandy Loam,Rural Inland
Wardha,2011,23.38,53.16,22.46,1.0,2,1006.91,0.54,1362.48,18.93,98.12,10.99,109374,20.7453,78.6022,75.0,4,Sandy Loam,Rural Inland
Wardha,2012,23.98,53.03,21.99,1.0,1,975.04,0.46,1684.71,18.03,99.31,10.55,111270,20.7453,78.6022,75.0,4,Sandy Loam,Rural Inland
Wardha,2013,25.61,51.76,21.62,1.0,1,980.69,0.73,1570.3,19.97,98.73,11.71,113167,20.7453,78.6022,75.0,4,Sandy Loam,Rural Inland
Wardha,2014,26.24,51.54,21.23,1.0,2,1087.06,0.69,1930.23,23.69,99.75,10.59,115064,20.7453,78.6022,75.0,4,Sandy Loam,Rural Inland
Wardha,2015,26.89,50.84,21.27,1.0,2,894.89,0.1,2293.4,25.17,103.48,12.05,116960,20.7453,78.6022,75.0,4,Sandy Loam,Rural Inland
Wardha,2016,28.45,50.3,20.25,1.0,2,1038.59,-0.07,2223.13,27.39,105.13,10.95,118857,20.7453,78.6022,75.0,4,Sandy Loam,Rural Inland
Wardha,2017,28.85,50.47,19.68,1.0,1,1122.18,0.84,2571.42,26.07,101.38,12.71,120754,20.7453,78.6022,75.0,4,Sandy Loam,Rural Inland
Wardha,2018,30.92,48.58,19.5,1.0,1,1085.55,0.52,2458.21,28.77,103.78,12.1,122650,20.7453,78.6022,75.0,4,Sandy Loam,Rural Inland
Wardha,2019,31.37,48.85,18.78,1.0,2,959.04,0.52,2674.48,33.09,104.59,12.39,124547,20.7453,78.6022,75.0,4,Sandy Loam,Rural Inland
Wardha,2020,32.85,47.86,18.29,1.0,1,1132.14,1.63,2282.19,32.56,99.87,11.12,126444,20.7453,78.6022,75.0,4,Sandy Loam,Rural Inland
Wardha,2021,33.64,47.34,18.02,1.0,2,766.43,1.1,3274.17,37.48,103.29,14.22,128340,20.7453,78.6022,75.0,4,Sandy Loam,Rural Inland
Wardha,2022,33.82,47.31,17.87,1.0,2,940.47,1.08,2823.12,38.87,104.21,14.25,130237,20.7453,78.6022,75.0,4,Sandy Loam,Rural Inland
Wardha,2023,35.35,46.16,17.49,1.0,1,1000.03,1.28,4836.56,38.3,103.98,12.79,132133,20.7453,78.6022,75.0,4,Sandy Loam,Rural Inland
Sangli,2010,40.15,45.33,13.52,1.0,4,597.21,0.12,4456.99,32.09,99.42,11.22,427292,16.8524,74.5815,118.2,3,Black Cotton,Semi-Urban Valley
Sangli,2011,42.02,44.13,12.85,1.0,3,480.0,0.08,5664.01,32.77,100.4,9.84,434832,16.8524,74.5815,118.2,3,Black Cotton,Semi-Urban Valley
Sangli,2012,42.96,43.36,12.69,1.0,2,499.33,0.26,5980.48,32.75,100.28,10.11,442373,16.8524,74.5815,118.2,3,Black Cotton,Semi-Urban Valley
Sangli,2013,44.02,42.98,12.0,1.0,3,497.57,0.24,4953.37,37.27,101.18,8.69,449913,16.8524,74.5815,118.2,3,Black Cotton,Semi-Urban Valley
Sangli,2014,45.94,41.55,11.5,1.0,3,539.85,0.4,6306.44,40.28,101.21,11.87,457454,16.8524,74.5815,118.2,3,Black Cotton,Semi-Urban Valley
Sangli,2015,47.3,40.6,11.1,1.0,4,630.45,0.74,6259.98,45.47,100.32,12.91,464994,16.8524,74.5815,118.2,3,Black Cotton,Semi-Urban Valley
Sangli,2016,49.13,39.13,10.73,1.0,4,515.7,0.46,6898.07,48.72,102.52,12.26,472535,16.8524,74.5815,118.2,3,Black Cotton,Semi-Urban Valley
Sangli,2017,50.24,38.53,10.24,1.0,4,579.06,0.98,5989.71,51.49,100.69,12.5,480075,16.8524,74.5815,118.2,3,Black Cotton,Semi-Urban Valley
Sangli,2018,52.33,37.37,9.31,1.0,3,451.04,0.56,7132.71,52.36,103.58,10.99,487616,16.8524,74.5815,118.2,3,Black Cotton,Semi-Urban Valley
Sangli,2019,53.11,37.05,8.84,1.0,4,611.08,1.21,7219.78,57.81,101.15,13.55,495156,16.8524,74.5815,118.2,3,Black Cotton,Semi-Urban Valley
Sangli,2020,54.19,36.25,8.57,1.0,4,442.44,0.73,9175.34,60.77,104.34,12.05,502697,16.8524,74.5815,118.2,3,Black Cotton,Semi-Urban Valley
Sangli,2021,56.32,34.45,8.22,1.0,3,615.23,1.29,8157.1,61.68,102.36,13.88,510237,16.8524,74.5815,118.2,3,Black Cotton,Semi-Urban Valley
Sangli,2022,57.62,33.94,7.44,1.0,3,594.97,0.73,9758.92,64.91,105.95,13.34,517777,16.8524,74.5815,118.2,3,Black Cotton,Semi-Urban Valley
Sangli,2023,58.9,33.03,7.06,1.0,4,593.51,1.39,10915.47,71.51,103.43,12.36,525318,16.8524,74.5815,118.2,3,Black Cotton,Semi-Urban Valley
Gondia,2010,18.38,22.31,54.8,4.52,0,1196.07,-0.04,1331.82,11.03,100.2,11.43,112897,21.4624,80.221,148.0,7,Clay Loam,Forest Rural
Gondia,2011,19.54,20.54,54.62,5.29,1,1238.68,0.43,1747.66,14.41,98.66,11.32,114890,21.4624,80.221,148.0,7,Clay Loam,Forest Rural
Gondia,2012,20.12,20.92,54.03,4.92,1,1164.86,0.67,1269.23,15.48,98.25,12.13,116882,21.4624,80.221,148.0,7,Clay Loam,Forest Rural
Gondia,2013,21.25,18.9,53.57,6.28,0,1262.55,0.57,1403.6,14.66,99.57,11.02,118874,21.4624,80.221,148.0,7,Clay Loam,Forest Rural
Gondia,2014,22.98,18.55,52.79,5.69,1,1396.26,0.4,1887.34,18.94,101.19,12.54,120867,21.4624,80.221,148.0,7,Clay Loam,Forest Rural
Gondia,2015,22.63,17.76,52.75,6.87,1,1256.29,0.24,2212.41,19.47,102.82,10.97,122859,21.4624,80.221,148.0,7,Clay Loam,Forest Rural
Gondia,2016,23.83,17.37,52.31,6.49,1,1241.49,0.74,1850.83,21.19,101.11,12.36,124851,21.4624,80.221,148.0,7,Clay Loam,Forest Rural
Gondia,2017,23.74,16.25,51.55,8.46,0,1238.63,0.64,2412.53,19.23,102.41,13.67,126844,21.4624,80.221,148.0,7,Clay Loam,Forest Rural
Gondia,2018,25.77,15.52,50.99,7.72,0,1219.5,0.57,1744.94,21.64,103.54,13.02,128836,21.4624,80.221,148.0,7,Clay Loam,Forest Rural
Gondia,2019,27.31,14.4,50.68,7.61,0,1225.32,1.15,2219.05,23.76,101.47,13.15,130828,21.4624,80.221,148.0,7,Clay Loam,Forest Rural
Gondia,2020,27.74,13.9,49.96,8.4,0,1182.32,0.54,2189.0,24.97,105.32,12.72,132821,21.4624,80.221,148.0,7,Clay Loam,Forest Rural
Gondia,2021,28.87,13.08,49.49,8.56,1,1287.45,0.91,2076.76,29.95,104.27,12.26,134813,21.4624,80.221,148.0,7,Clay Loam,Forest Rural
Gondia,2022,29.76,12.22,48.85,9.17,0,1154.39,1.25,2889.08,28.57,103.33,13.04,136805,21.4624,80.221,148.0,7,Clay Loam,Forest Rural
Gondia,2023,30.79,11.14,48.49,9.58,0,1257.31,0.76,2686.72,30.49,106.58,14.2,138797,21.4624,80.221,148.0,7,Clay Loam,Forest Rural
Hingoli,2010,16.01,74.96,8.03,1.0,0,822.45,-0.53,866.45,9.61,102.66,9.17,72653,19.7191,77.1477,62.0,2,Regur,Rural Inland
Hingoli,2011,17.46,72.93,7.48,2.14,0,1005.89,0.0,1186.79,11.0,100.78,11.11,73935,19.7191,77.1477,62.0,2,Regur,Rural Inland
Hingoli,2012,18.24,72.58,7.08,2.1,0,804.11,0.45,992.07,12.04,99.33,9.19,75218,19.7191,77.1477,62.0,2,Regur,Rural Inland
Hingoli,2013,18.97,72.45,6.75,1.82,1,927.14,0.19,802.19,15.39,101.45,9.98,76500,19.7191,77.1477,62.0,2,Regur,Rural Inland
Hingoli,2014,20.78,70.66,5.95,2.6,0,1022.41,0.89,1504.58,14.96,98.76,11.04,77782,19.7191,77.1477,62.0,2,Regur,Rural Inland
Hingoli,2015,21.15,69.24,5.8,3.82,0,853.68,0.17,1104.35,15.86,103.15,10.66,79064,19.7191,77.1477,62.0,2,Regur,Rural Inland
Hingoli,2016,21.7,68.93,4.89,4.48,1,721.51,0.67,1497.82,19.52,101.47,11.29,80346,19.7191,77.1477,62.0,2,Regur,Rural Inland
Hingoli,2017,22.64,68.28,4.74,4.34,1,778.88,0.85,1143.55,21.04,101.37,12.78,81628,19.7191,77.1477,62.0,2,Regur,Rural Inland
Hingoli,2018,24.2,67.45,3.83,4.52,0,885.48,1.17,1323.27,20.33,100.56,12.86,82910,19.7191,77.1477,62.0,2,Regur,Rural Inland
Hingoli,2019,23.96,66.51,3.49,6.04,0,738.35,0.7,1587.1,20.84,103.7,12.51,84192,19.7191,77.1477,62.0,2,Regur,Rural Inland
Hingoli,2020,24.88,64.94,2.88,7.3,1,557.25,0.85,1497.91,25.39,103.75,14.39,85475,19.7191,77.1477,62.0,2,Regur,Rural Inland
Hingoli,2021,26.81,65.39,2.53,5.27,0,908.82,1.16,1871.07,24.93,102.98,17.23,86757,19.7191,77.1477,62.0,2,Regur,Rural Inland
Hingoli,2022,26.96,65.26,1.94,5.84,1,827.45,1.07,1685.83,29.08,104.24,13.93,88039,19.7191,77.1477,62.0,2,Regur,Rural Inland
Hingoli,2023,28.24,63.98,1.42,6.37,0,787.0,1.68,1809.29,27.96,102.01,14.26,89321,19.7191,77.1477,62.0,2,Regur,Rural Inland
Gadchiroli,2010,11.63,8.38,72.14,7.85,1,1482.44,0.2,829.91,8.98,99.0,11.3,89867,20.1921,80.0019,376.0,12,Sandy Clay,Dense Forest Rural
Gadchiroli,2011,12.64,7.57,71.46,8.33,0,1509.18,0.18,858.89,7.96,99.92,10.51,91452,20.1921,80.0019,376.0,12,Sandy Clay,Dense Forest Rural
Gadchiroli,2012,14.79,6.89,71.17,7.14,0,1411.08,0.49,1067.22,9.76,99.17,12.07,93038,20.1921,80.0019,376.0,12,Sandy Clay,Dense Forest Rural
Gadchiroli,2013,14.7,5.49,70.17,9.64,0,1599.66,0.16,1085.54,10.14,101.6,10.71,94624,20.1921,80.0019,376.0,12,Sandy Clay,Dense Forest Rural
Gadchiroli,2014,16.16,4.23,70.02,9.59,0,1481.31,-0.09,1251.88,11.64,103.65,11.98,96210,20.1921,80.0019,376.0,12,Sandy Clay,Dense Forest Rural
Gadchiroli,2015,17.23,4.76,69.31,8.7,1,1593.22,0.43,1324.3,15.43,101.85,10.39,97796,20.1921,80.0019,376.0,12,Sandy Clay,Dense Forest Rural
Gadchiroli,2016,17.59,2.9,68.89,10.62,0,1622.31,0.52,1263.29,13.72,102.19,11.23,99382,20.1921,80.0019,376.0,12,Sandy Clay,Dense Forest Rural
Gadchiroli,2017,18.09,2.54,68.12,11.26,1,1363.17,1.3,1437.88,17.35,99.12,12.21,100968,20.1921,80.0019,376.0,12,Sandy Clay,Dense Forest Rural
Gadchiroli,2018,20.63,1.18,68.11,10.08,1,1526.4,1.18,1530.73,20.13,100.49,12.69,102554,20.1921,80.0019,376.0,12,Sandy Clay,Dense Forest Rural
Gadchiroli,2019,20.17,1.0,67.48,11.35,1,1386.98,1.62,1758.7,20.45,99.08,13.3,104140,20.1921,80.0019,376.0,12,Sandy Clay,Dense Forest Rural
Gadchiroli,2020,22.04,1.0,66.81,10.15,1,1525.78,0.63,1632.52,22.83,104.86,12.84,105726,20.1921,80.0019,376.0,12,Sandy Clay,Dense Forest Rural
Gadchiroli,2021,22.05,1.0,66.42,10.54,2,1555.66,0.7,1749.89,26.7,105.3,11.75,107311,20.1921,80.0019,376.0,12,Sandy Clay,Dense Forest Rural
Gadchiroli,2022,24.54,1.0,65.98,8.48,1,1371.28,0.78,1629.39,26.76,105.7,14.64,108897,20.1921,80.0019,376.0,12,Sandy Clay,Dense Forest Rural
Gadchiroli,2023,24.24,1.0,65.41,9.35,1,1620.03,1.16,1749.68,27.3,104.59,15.05,110483,20.1921,80.0019,376.0,12,Sandy Clay,Dense Forest Rural
Washim,2010,17.07,71.81,10.04,1.09,1,774.02,0.01,712.44,12.24,99.95,9.34,66798,20.1115,77.1322,52.0,2,Black Cotton,Rural Inland
Washim,2011,19.14,70.39,9.47,1.0,1,790.75,0.15,997.72,14.16,100.04,10.09,67977,20.1115,77.1322,52.0,2,Black Cotton,Rural Inland
Washim,2012,20.17,70.01,8.82,1.0,1,896.46,-0.41,1436.86,15.51,103.67,10.26,69156,20.1115,77.1322,52.0,2,Black Cotton,Rural Inland
Washim,2013,21.08,69.75,8.17,1.0,0,796.15,0.06,1636.08,14.54,102.08,10.04,70335,20.1115,77.1322,52.0,2,Black Cotton,Rural Inland
Washim,2014,21.72,68.9,7.76,1.62,0,856.75,0.3,1370.64,15.64,101.7,10.67,71514,20.1115,77.1322,52.0,2,Black Cotton,Rural Inland
Washim,2015,22.24,68.16,7.85,1.75,1,847.53,0.71,1202.8,19.18,100.46,13.2,72692,20.1115,77.1322,52.0,2,Black Cotton,Rural Inland
Washim,2016,24.1,68.02,6.85,1.03,1,902.52,0.77,1635.26,21.4,100.97,11.55,73871,20.1115,77.1322,52.0,2,Black Cotton,Rural Inland
Washim,2017,25.6,66.47,6.11,1.82,0,806.42,0.79,1681.39,20.74,101.64,13.32,75050,20.1115,77.1322,52.0,2,Black Cotton,Rural Inland
Washim,2018,25.02,65.67,5.64,3.67,1,815.55,0.93,1548.31,23.82,101.77,13.68,76229,20.1115,77.1322,52.0,2,Black Cotton,Rural Inland
Washim,2019,27.52,65.09,5.47,1.91,1,754.31,1.16,2367.88,26.84,101.42,13.77,77408,20.1115,77.1322,52.0,2,Black Cotton,Rural Inland
Washim,2020,27.64,64.18,4.74,3.44,1,870.06,0.44,1680.65,27.87,105.8,12.72,78587,20.1115,77.1322,52.0,2,Black Cotton,Rural Inland
Washim,2021,28.85,62.6,4.58,3.98,1,805.57,0.87,2470.9,29.93,104.43,14.96,79765,20.1115,77.1322,52.0,2,Black Cotton,Rural Inland
Washim,2022,29.76,62.09,4.1,4.05,1,811.06,1.42,1659.84,31.77,102.49,14.92,80944,20.1115,77.1322,52.0,2,Black Cotton,Rural Inland
Washim,2023,31.04,61.39,3.48,4.09,1,651.88,1.75,2449.3,34.03,101.66,14.34,82123,20.1115,77.1322,52.0,2,Black Cotton,Rural Inland
Buldhana,2010,18.46,69.45,11.09,1.0,1,859.68,-0.64,1199.08,13.08,103.19,9.4,57235,20.5285,76.1807,95.0,4,Black Cotton,Rural Inland
Buldhana,2011,19.21,69.43,10.36,1.0,1,763.93,-0.17,1446.4,14.2,101.64,9.93,58245,20.5285,76.1807,95.0,4,Black Cotton,Rural Inland
Buldhana,2012,18.55,68.21,9.79,3.45,1,651.26,0.23,1597.41,14.44,100.44,10.91,59255,20.5285,76.1807,95.0,4,Black Cotton,Rural Inland
Buldhana,2013,20.7,67.83,9.41,2.07,1,659.56,-0.23,1372.94,16.58,103.53,11.06,60265,20.5285,76.1807,95.0,4,Black Cotton,Rural Inland
Buldhana,2014,21.95,66.59,8.81,2.65,2,643.29,0.63,1331.27,20.61,100.04,10.45,61275,20.5285,76.1807,95.0,4,Black Cotton,Rural Inland
Buldhana,2015,22.27,65.75,8.7,3.29,2,872.84,0.66,1380.2,21.7,100.72,11.17,62285,20.5285,76.1807,95.0,4,Black Cotton,Rural Inland
Buldhana,2016,23.61,65.87,7.76,2.76,2,864.3,1.15,1649.89,23.62,99.06,12.51,63295,20.5285,76.1807,95.0,4,Black Cotton,Rural Inland
Buldhana,2017,26.14,64.09,7.19,2.58,1,846.27,0.14,1802.11,23.87,104.92,12.54,64305,20.5285,76.1807,95.0,4,Black Cotton,Rural Inland
Buldhana,2018,26.09,63.81,7.04,3.05,2,679.77,0.6,1776.79,27.52,103.42,13.23,65315,20.5285,76.1807,95.0,4,Black Cotton,Rural Inland
Buldhana,2019,27.45,63.03,6.74,2.79,1,941.72,1.36,2358.84,26.78,100.42,14.48,66325,20.5285,76.1807,95.0,4,Black Cotton,Rural Inland
Buldhana,2020,27.17,61.74,5.85,5.24,2,669.99,1.23,2670.43,30.45,101.86,13.7,67336,20.5285,76.1807,95.0,4,Black Cotton,Rural Inland
Buldhana,2021,29.14,60.71,5.33,4.82,2,852.93,1.09,2261.15,33.3,103.36,11.27,68346,20.5285,76.1807,95.0,4,Black Cotton,Rural Inland
Buldhana,2022,29.46,61.36,4.74,4.44,2,875.74,0.82,2602.15,34.69,105.48,14.54,69356,20.5285,76.1807,95.0,4,Black Cotton,Rural Inland
Buldhana,2023,31.01,61.03,4.17,3.79,2,757.72,1.53,2884.74,37.3,102.74,13.17,70366,20.5285,76.1807,95.0,4,Black Cotton,Rural Inland
Bhandara,2010,20.11,29.07,45.12,5.69,2,1263.87,0.32,1411.88,16.07,98.41,10.15,78038,21.1669,79.6496,70.0,8,Clay Loam,Rural Valley
Bhandara,2011,20.56,28.84,44.74,5.86,2,1176.19,0.11,1234.26,17.15,100.23,11.47,79415,21.1669,79.6496,70.0,8,Clay Loam,Rural Valley
Bhandara,2012,22.33,29.37,43.82,4.47,1,1223.14,0.39,1478.71,16.94,99.63,9.73,80792,21.1669,79.6496,70.0,8,Clay Loam,Rural Valley
Bhandara,2013,23.44,27.96,43.32,5.28,2,1317.02,0.34,1645.04,20.77,100.7,11.45,82169,21.1669,79.6496,70.0,8,Clay Loam,Rural Valley
Bhandara,2014,23.57,26.82,42.57,7.05,2,1043.85,0.85,1630.17,21.77,98.94,10.99,83547,21.1669,79.6496,70.0,8,Clay Loam,Rural Valley
Bhandara,2015,24.69,25.86,42.78,6.67,0,1327.7,0.6,1509.21,18.51,100.99,10.42,84924,21.1669,79.6496,70.0,8,Clay Loam,Rural Valley
Bhandara,2016,26.84,24.73,41.77,6.67,2,1233.86,0.32,2031.0,26.13,103.21,10.77,86301,21.1669,79.6496,70.0,8,Clay Loam,Rural Valley
Bhandara,2017,27.55,24.93,41.61,5.91,2,1376.12,0.7,1735.22,27.72,102.1,12.55,87678,21.1669,79.6496,70.0,8,Clay Loam,Rural Valley
Bhandara,2018,29.04,23.09,40.93,6.94,2,1194.61,0.51,2592.36,30.0,103.87,14.72,89055,21.1669,79.6496,70.0,8,Clay Loam,Rural Valley
Bhandara,2019,29.1,22.35,40.19,8.36,2,1310.39,1.04,2346.82,31.12,101.99,12.11,90432,21.1669,79.6496,70.0,8,Clay Loam,Rural Valley
Bhandara,2020,29.45,22.42,40.18,7.95,1,1358.98,1.17,2971.18,29.51,102.14,11.66,91810,21.1669,79.6496,70.0,8,Clay Loam,Rural Valley
Bhandara,2021,30.32,21.13,39.6,8.96,3,1270.61,1.03,2242.8,37.49,103.66,14.53,93187,21.1669,79.6496,70.0,8,Clay Loam,Rural Valley
Bhandara,2022,31.52,21.21,38.94,8.32,2,1267.89,1.16,2592.99,36.66,103.81,13.26,94564,21.1669,79.6496,70.0,8,Clay Loam,Rural Valley
Bhandara,2023,33.21,19.64,38.38,8.77,2,1207.86,0.66,3198.54,39.48,107.09,12.92,95941,21.1669,79.6496,70.0,8,Clay Loam,Rural Valley
Palghar,2010,21.42,39.16,34.64,4.78,5,2729.1,0.59,4823.61,22.85,97.07,10.18,220776,19.6942,72.7659,323.0,6,Lateritic,Coastal Rural
Palghar,2011,23.2,39.27,34.48,3.05,5,2945.09,0.64,4263.32,25.12,97.59,9.28,224672,19.6942,72.7659,323.0,6,Lateritic,Coastal Rural
Palghar,2012,23.86,37.92,34.1,4.12,5,3016.51,0.56,6126.75,26.75,98.81,11.63,228568,19.6942,72.7659,323.0,6,Lateritic,Coastal Rural
Palghar,2013,25.55,37.32,33.34,3.79,6,2886.16,0.34,4947.78,31.43,100.69,10.1,232464,19.6942,72.7659,323.0,6,Lateritic,Coastal Rural
Palghar,2014,25.96,36.76,33.39,3.88,5,2850.56,0.85,8930.15,30.69,98.97,10.8,236360,19.6942,72.7659,323.0,6,Lateritic,Coastal Rural
Palghar,2015,27.25,36.28,32.54,3.93,6,2843.6,-0.26,7900.43,35.43,105.3,11.63,240256,19.6942,72.7659,323.0,6,Lateritic,Coastal Rural
Palghar,2016,27.89,36.22,31.87,4.02,5,2999.16,0.35,7022.86,34.75,103.05,11.65,244152,19.6942,72.7659,323.0,6,Lateritic,Coastal Rural
Palghar,2017,29.42,34.5,31.24,4.83,5,2739.26,0.68,8656.74,37.33,102.22,12.52,248048,19.6942,72.7659,323.0,6,Lateritic,Coastal Rural
Palghar,2018,29.11,34.13,31.05,5.71,6,2844.42,1.13,9103.91,41.25,100.75,13.75,251944,19.6942,72.7659,323.0,6,Lateritic,Coastal Rural
Palghar,2019,31.26,32.75,30.95,5.03,6,2857.37,0.52,7511.09,44.6,104.61,12.99,255840,19.6942,72.7659,323.0,6,Lateritic,Coastal Rural
Palghar,2020,32.07,31.69,30.03,6.21,7,2869.54,0.66,9606.55,49.87,104.71,12.2,259737,19.6942,72.7659,323.0,6,Lateritic,Coastal Rural
Palghar,2021,32.81,30.99,29.4,6.8,5,2787.23,0.93,6894.51,46.01,104.14,15.35,263633,19.6942,72.7659,323.0,6,Lateritic,Coastal Rural
Palghar,2022,34.54,30.21,29.0,6.24,5,2969.57,1.77,11334.97,49.16,100.75,14.62,267529,19.6942,72.7659,323.0,6,Lateritic,Coastal Rural
Palghar,2023,35.09,28.93,28.42,7.56,6,2754.55,1.23,11562.96,54.54,104.23,13.82,271425,19.6942,72.7659,323.0,6,Lateritic,Coastal Rural
Raigad,2010,16.03,29.47,47.86,6.65,3,3897.78,-0.63,4664.02,15.62,103.16,11.39,223907,18.6448,73.132,7158.0,15,Lateritic,Coastal Hilly
Raigad,2011,16.85,27.9,47.43,7.82,3,3698.94,-0.05,5187.26,16.91,101.07,10.96,227858,18.6448,73.132,7158.0,15,Lateritic,Coastal Hilly
Raigad,2012,17.54,27.6,46.93,7.93,3,3849.62,0.04,4845.6,18.17,101.4,12.54,231809,18.6448,73.132,7158.0,15,Lateritic,Coastal Hilly
Raigad,2013,19.41,27.58,46.46,6.55,3,3918.06,0.11,4904.18,20.29,101.84,10.95,235760,18.6448,73.132,7158.0,15,Lateritic,Coastal Hilly
Raigad,2014,19.75,26.11,46.06,8.07,4,3850.02,0.24,6038.19,23.82,102.0,10.32,239712,18.6448,73.132,7158.0,15,Lateritic,Coastal Hilly
Raigad,2015,21.86,25.13,45.59,7.43,4,3720.44,0.63,6578.25,26.39,100.86,9.28,243663,18.6448,73.132,7158.0,15,Lateritic,Coastal Hilly
Raigad,2016,22.25,23.95,44.81,8.99,4,3741.82,0.25,5705.82,27.76,103.56,13.87,247614,18.6448,73.132,7158.0,15,Lateritic,Coastal Hilly
Raigad,2017,22.08,23.87,44.8,9.24,5,3789.66,0.33,7992.88,31.39,103.96,13.69,251566,18.6448,73.132,7158.0,15,Lateritic,Coastal Hilly
Raigad,2018,24.34,23.19,43.99,8.48,4,3833.09,1.24,7497.62,31.65,100.22,11.32,255517,18.6448,73.132,7158.0,15,Lateritic,Coastal Hilly
Raigad,2019,25.69,22.96,43.64,7.72,4,3688.84,0.89,6580.13,33.95,102.75,11.13,259468,18.6448,73.132,7158.0,15,Lateritic,Coastal Hilly
Raigad,2020,26.17,23.26,42.63,7.94,4,3864.05,1.04,7403.1,35.56,102.82,11.7,263420,18.6448,73.132,7158.0,15,Lateritic,Coastal Hilly
Raigad,2021,27.12,20.82,42.06,10.0,4,3895.84,1.12,8260.52,37.62,103.22,14.37,267371,18.6448,73.132,7158.0,15,Lateritic,Coastal Hilly
Raigad,2022,28.11,20.85,41.94,9.1,4,3832.08,1.26,6963.63,39.79,103.31,13.89,271322,18.6448,73.132,7158.0,15,Lateritic,Coastal Hilly
Raigad,2023,28.58,19.28,41.34,10.8,3,4012.48,1.7,11451.79,38.2,101.9,12.68,275273,18.6448,73.132,7158.0,15,Lateritic,Coastal Hilly
Ratnagiri,2010,14.04,21.35,57.86,6.75,1,3323.96,-0.12,3025.96,10.42,100.59,10.6,140449,16.9902,73.312,8208.0,20,Lateritic,Coastal Mountain
Ratnagiri,2011,16.15,20.46,57.75,5.64,2,3102.66,0.4,2984.38,14.38,98.79,10.07,142928,16.9902,73.312,8208.0,20,Lateritic,Coastal Mountain
Ratnagiri,2012,15.59,20.04,57.41,6.96,2,3278.21,-0.04,2634.26,14.69,101.79,11.68,145406,16.9902,73.312,8208.0,20,Lateritic,Coastal Mountain
Ratnagiri,2013,16.33,19.39,56.51,7.78,2,3182.09,0.42,3459.31,15.86,100.31,11.63,147885,16.9902,73.312,8208.0,20,Lateritic,Coastal Mountain
Ratnagiri,2014,17.51,18.66,56.24,7.6,2,3062.71,0.51,2413.34,17.41,100.67,11.25,150363,16.9902,73.312,8208.0,20,Lateritic,Coastal Mountain
Ratnagiri,2015,19.95,17.53,55.33,7.19,2,3045.72,0.31,3971.85,19.96,102.45,10.87,152842,16.9902,73.312,8208.0,20,Lateritic,Coastal Mountain
Ratnagiri,2016,19.88,17.57,55.08,7.46,2,3166.09,0.71,3771.46,20.71,101.24,12.26,155320,16.9902,73.312,8208.0,20,Lateritic,Coastal Mountain
Ratnagiri,2017,20.75,16.31,54.3,8.64,2,3118.9,0.37,4232.27,22.21,103.77,12.31,157799,16.9902,73.312,8208.0,20,Lateritic,Coastal Mountain
Ratnagiri,2018,22.39,15.38,54.08,8.14,2,3244.48,0.55,4478.42,24.41,103.64,12.76,160277,16.9902,73.312,8208.0,20,Lateritic,Coastal Mountain
Ratnagiri,2019,23.0,13.76,53.53,9.71,3,3164.0,0.68,4890.67,28.71,103.79,13.01,162756,16.9902,73.312,8208.0,20,Lateritic,Coastal Mountain
Ratnagiri,2020,24.6,13.37,53.15,8.89,2,3185.79,1.1,5714.16,28.14,102.49,13.87,165235,16.9902,73.312,8208.0,20,Lateritic,Coastal Mountain
Ratnagiri,2021,24.43,13.61,52.49,9.47,2,3207.32,1.05,6107.33,28.92,103.53,13.22,167713,16.9902,73.312,8208.0,20,Lateritic,Coastal Mountain
Ratnagiri,2022,25.44,12.2,52.04,10.32,2,3260.31,0.94,7526.2,30.82,104.88,13.86,170192,16.9902,73.312,8208.0,20,Lateritic,Coastal Mountain
Ratnagiri,2023,27.64,11.52,51.61,9.23,2,3321.82,1.62,6749.71,33.96,102.31,13.58,172670,16.9902,73.312,8208.0,20,Lateritic,Coastal Mountain
Sindhudurg,2010,9.71,20.17,62.19,7.93,0,3106.52,0.44,1653.94,5.83,97.82,9.16,74586,16.1702,73.5594,5207.0,18,Red Loamy,Coastal Rural
Sindhudurg,2011,10.93,19.35,61.4,8.32,1,3042.41,0.11,1620.65,8.99,100.24,8.98,75902,16.1702,73.5594,5207.0,18,Red Loamy,Coastal Rural
Sindhudurg,2012,12.14,17.33,61.2,9.32,0,3324.31,0.89,2126.78,8.01,97.14,10.49,77219,16.1702,73.5594,5207.0,18,Red Loamy,Coastal Rural
Sindhudurg,2013,13.5,18.45,60.17,7.88,0,2937.8,0.47,2508.9,9.31,100.03,11.97,78535,16.1702,73.5594,5207.0,18,Red Loamy,Coastal Rural
Sindhudurg,2014,13.4,15.64,60.17,10.79,0,2798.15,0.44,2734.25,9.65,100.98,11.08,79851,16.1702,73.5594,5207.0,18,Red Loamy,Coastal Rural
Sindhudurg,2015,14.77,15.92,59.43,9.88,0,2928.53,0.66,2755.59,11.08,100.72,11.67,81167,16.1702,73.5594,5207.0,18,Red Loamy,Coastal Rural
Sindhudurg,2016,15.5,15.11,58.56,10.82,1,3142.89,0.16,2563.33,14.69,104.01,12.13,82484,16.1702,73.5594,5207.0,18,Red Loamy,Coastal Rural
Sindhudurg,2017,17.63,14.18,58.36,9.84,0,3010.34,1.31,3152.77,14.28,99.04,12.08,83800,16.1702,73.5594,5207.0,18,Red Loamy,Coastal Rural
Sindhudurg,2018,18.16,13.59,57.84,10.41,1,3022.58,0.81,2762.22,18.06,102.37,13.7,85116,16.1702,73.5594,5207.0,18,Red Loamy,Coastal Rural
Sindhudurg,2019,19.33,12.52,57.7,10.44,0,2921.8,0.67,2560.53,16.82,103.84,13.17,86432,16.1702,73.5594,5207.0,18,Red Loamy,Coastal Rural
Sindhudurg,2020,19.08,11.39,56.58,12.94,1,2984.97,0.9,3052.17,20.18,103.49,11.83,87749,16.1702,73.5594,5207.0,18,Red Loamy,Coastal Rural
Sindhudurg,2021,21.23,10.92,56.56,11.28,0,3018.11,1.49,4207.82,19.75,101.35,12.89,89065,16.1702,73.5594,5207.0,18,Red Loamy,Coastal Rural
Sindhudurg,2022,22.13,10.28,56.0,11.59,1,2983.57,1.26,3542.32,24.44,103.28,12.58,90381,16.1702,73.5594,5207.0,18,Red Loamy,Coastal Rural
Sindhudurg,2023,22.31,8.8,55.26,13.64,1,2910.72,1.45,4366.73,25.38,103.13,11.93,91697,16.1702,73.5594,5207.0,18,Red Loamy,Coastal Rural
Dhule,2010,37.01,50.6,11.39,1.0,4,474.35,0.03,2264.6,30.2,99.85,8.21,319225,20.9042,74.7749,142.0,3,Black Cotton,Semi-Urural Inland
Dhule,2011,37.9,49.94,11.15,1.0,3,520.01,0.18,2913.15,30.18,99.9,10.48,324858,20.9042,74.7749,142.0,3,Black Cotton,Semi-Urural Inland
Dhule,2012,38.72,49.77,10.51,1.0,4,678.19,0.34,3017.29,34.36,99.88,10.07,330491,20.9042,74.7749,142.0,3,Black Cotton,Semi-Urural Inland
Dhule,2013,40.81,48.06,10.13,1.0,3,683.77,0.41,2877.65,35.06,100.33,10.59,336125,20.9042,74.7749,142.0,3,Black Cotton,Semi-Urural Inland
Dhule,2014,41.14,47.8,10.06,1.0,3,720.88,0.65,4067.46,36.82,99.96,10.74,341758,20.9042,74.7749,142.0,3,Black Cotton,Semi-Urural Inland
Dhule,2015,42.66,47.0,9.34,1.0,4,689.61,0.17,3560.73,42.0,103.16,11.35,347392,20.9042,74.7749,142.0,3,Black Cotton,Semi-Urural Inland
Dhule,2016,43.02,47.18,8.8,1.0,3,514.81,0.36,3955.8,41.35,102.98,11.58,353025,20.9042,74.7749,142.0,3,Black Cotton,Semi-Urural Inland
Dhule,2017,44.63,45.84,8.53,1.0,4,573.99,1.0,3389.67,46.95,100.61,12.26,358658,20.9042,74.7749,142.0,3,Black Cotton,Semi-Urural Inland
Dhule,2018,45.45,44.86,7.85,1.84,4,655.0,0.87,3498.95,49.38,102.04,12.2,364292,20.9042,74.7749,142.0,3,Black Cotton,Semi-Urural Inland
Dhule,2019,47.07,44.81,7.12,1.0,3,553.59,1.06,3282.84,49.65,101.9,12.54,369925,20.9042,74.7749,142.0,3,Black Cotton,Semi-Urural Inland
Dhule,2020,47.77,44.14,7.09,1.0,4,480.01,0.43,4774.71,54.99,105.86,14.0,375559,20.9042,74.7749,142.0,3,Black Cotton,Semi-Urural Inland
Dhule,2021,49.28,43.19,6.53,1.0,4,504.39,1.06,6680.12,58.23,103.5,12.36,381192,20.9042,74.7749,142.0,3,Black Cotton,Semi-Urural Inland
Dhule,2022,50.65,42.11,6.25,1.0,3,618.59,0.98,4580.87,58.22,104.71,13.82,386825,20.9042,74.7749,142.0,3,Black Cotton,Semi-Urural Inland
Dhule,2023,51.5,41.18,5.2,2.12,4,551.26,1.46,6904.96,64.19,103.08,13.84,392459,20.9042,74.7749,142.0,3,Black Cotton,Semi-Urural Inland
Nandurbar,2010,15.62,58.94,24.44,1.0,0,823.73,-0.1,1189.03,9.37,100.5,10.46,94381,21.3756,74.2466,133.0,4,Black Cotton,Rural Tribal
Nandurbar,2011,15.36,59.09,24.55,1.0,1,938.75,0.33,1102.94,11.78,99.16,10.69,96047,21.3756,74.2466,133.0,4,Black Cotton,Rural Tribal
Nandurbar,2012,17.57,57.57,23.86,1.0,0,887.92,0.57,1085.89,11.6,98.75,8.21,97712,21.3756,74.2466,133.0,4,Black Cotton,Rural Tribal
Nandurbar,2013,17.71,57.79,23.5,1.0,1,822.0,-0.08,1340.99,14.52,102.82,10.07,99378,21.3756,74.2466,133.0,4,Black Cotton,Rural Tribal
Nandurbar,2014,19.88,56.48,22.64,1.0,0,840.71,0.33,1569.41,14.31,101.56,11.39,101043,21.3756,74.2466,133.0,4,Black Cotton,Rural Tribal
Nandurbar,2015,19.62,56.89,22.49,1.0,1,789.18,0.61,1478.73,17.21,100.96,9.61,102709,21.3756,74.2466,133.0,4,Black Cotton,Rural Tribal
Nandurbar,2016,21.84,55.41,21.75,1.0,0,884.76,0.63,1611.96,17.03,101.67,11.99,104374,21.3756,74.2466,133.0,4,Black Cotton,Rural Tribal
Nandurbar,2017,22.25,55.12,21.61,1.01,0,986.26,1.19,2349.54,18.03,99.64,10.98,106040,21.3756,74.2466,133.0,4,Black Cotton,Rural Tribal
Nandurbar,2018,23.12,52.56,21.11,3.21,0,1042.34,0.57,1306.07,19.42,103.56,11.93,107705,21.3756,74.2466,133.0,4,Black Cotton,Rural Tribal
Nandurbar,2019,23.01,53.18,20.09,3.73,1,642.22,0.8,2228.59,22.92,103.18,13.06,109371,21.3756,74.2466,133.0,4,Black Cotton,Rural Tribal
Nandurbar,2020,24.57,51.98,20.0,3.44,1,713.31,1.18,1290.33,25.11,102.11,12.37,111037,21.3756,74.2466,133.0,4,Black Cotton,Rural Tribal
Nandurbar,2021,25.76,51.52,19.5,3.22,0,751.5,1.16,2041.31,23.95,103.0,12.72,112702,21.3756,74.2466,133.0,4,Black Cotton,Rural Tribal
Nandurbar,2022,26.76,50.75,18.9,3.6,1,1066.99,0.77,1615.48,28.89,105.74,14.38,114368,21.3756,74.2466,133.0,4,Black Cotton,Rural Tribal
Nandurbar,2023,27.66,49.44,18.34,4.55,1,1009.85,1.54,2620.92,30.68,102.7,12.48,116033,21.3756,74.2466,133.0,4,Black Cotton,Rural Tribal
